user_genome	classification	closest_genome_reference	closest_genome_reference_radius	closest_genome_taxonomy	closest_genome_ani	closest_genome_af	closest_placement_reference	closest_placement_radius	closest_placement_taxonomy	closest_placement_ani	closest_placement_af	pplacer_taxonomy	classification_method	note	other_related_references(genome_id,species_name,radius,ANI,AF)	msa_percent	translation_table	red_value	warnings
HN00157641_AMT60212	d__Bacteria;p__Bacillota;c__Bacilli;o__Lactobacillales;f__Lactobacillaceae;g__Lactiplantibacillus;s__Lactiplantibacillus plantarum	GCF_014131735.1	95.0	d__Bacteria;p__Bacillota;c__Bacilli;o__Lactobacillales;f__Lactobacillaceae;g__Lactiplantibacillus;s__Lactiplantibacillus plantarum	99.59	0.948	GCF_014131735.1	95.0	d__Bacteria;p__Bacillota;c__Bacilli;o__Lactobacillales;f__Lactobacillaceae;g__Lactiplantibacillus;s__Lactiplantibacillus plantarum	99.59	0.948	d__Bacteria;p__Bacillota;c__Bacilli;o__Lactobacillales;f__Lactobacillaceae;g__Lactiplantibacillus;s__	taxonomic classification defined by topology and ANI	topological placement and ANI have congruent species assignments	GCF_032681335.1, s__Lactiplantibacillus sp032681335, 95.0, 90.41, 0.604; GCF_003641145.1, s__Lactiplantibacillus paraplantarum, 95.0, 88.74, 0.544; GCF_003641185.1, s__Lactiplantibacillus pentosus, 95.0, 82.83, 0.222; GCA_000463075.2, s__Lactiplantibacillus plantarum_A, 95.0, 82.35, 0.202	93.29	11	N/A	N/A
HN00157641_CPP6002	d__Bacteria;p__Bacillota;c__Bacilli;o__Bacillales;f__Bacillaceae;g__Bacillus;s__Bacillus velezensis	GCF_001461825.1	95.0	d__Bacteria;p__Bacillota;c__Bacilli;o__Bacillales;f__Bacillaceae;g__Bacillus;s__Bacillus velezensis	97.55	0.911	GCF_001461825.1	95.0	d__Bacteria;p__Bacillota;c__Bacilli;o__Bacillales;f__Bacillaceae;g__Bacillus;s__Bacillus velezensis	97.55	0.911	d__Bacteria;p__Bacillota;c__Bacilli;o__Bacillales;f__Bacillaceae;g__Bacillus;s__	taxonomic classification defined by topology and ANI	topological placement and ANI have congruent species assignments	GCF_000262045.1, s__Bacillus siamensis, 95.0, 94.28, 0.905; GCF_000196735.1, s__Bacillus amyloliquefaciens, 95.0, 93.9, 0.853; GCF_001584325.1, s__Bacillus nakamurai, 95.0, 87.44, 0.683; GCF_018613535.1, s__Bacillus sp018613535, 95.0, 87.37, 0.69; GCF_004124315.2, s__Bacillus cabrialesii, 95.0, 81.19, 0.193; GCF_031317525.1, s__Bacillus tequilensis, 95.0, 81.11, 0.195; GCF_040784915.1, s__Bacillus subtilis_G, 95.0, 81.0, 0.165; GCF_000009045.1, s__Bacillus subtilis, 95.0, 80.96, 0.175; GCF_001517105.1, s__Bacillus halotolerans, 95.0, 80.88, 0.203; GCF_000332645.1, s__Bacillus inaquosorum, 95.0, 80.71, 0.184; GCF_004116955.1, s__Bacillus vallismortis, 95.0, 80.62, 0.166; GCA_026790065.1, s__Bacillus sp026790065, 95.0, 80.59, 0.174; GCF_031316495.1, s__Bacillus spizizenii, 95.0, 80.54, 0.175; GCF_000738015.1, s__Bacillus stercoris, 95.0, 80.51, 0.17; GCF_031316635.1, s__Bacillus mojavensis, 95.47, 80.48, 0.194; GCF_011745685.2, s__Bacillus rugosus, 95.0, 80.35, 0.167; GCF_001584335.1, s__Bacillus atrophaeus, 95.0, 80.28, 0.17; GCA_020223575.2, s__Bacillus mexicanus, 95.0, 80.1, 0.174	95.39	11	N/A	N/A
HN00158226_AMT-62212	d__Bacteria;p__Bacillota;c__Bacilli;o__Lactobacillales;f__Lactobacillaceae;g__Levilactobacillus;s__Levilactobacillus brevis	GCF_001433855.1	95.0	d__Bacteria;p__Bacillota;c__Bacilli;o__Lactobacillales;f__Lactobacillaceae;g__Levilactobacillus;s__Levilactobacillus brevis	97.2	0.865	GCF_001433855.1	95.0	d__Bacteria;p__Bacillota;c__Bacilli;o__Lactobacillales;f__Lactobacillaceae;g__Levilactobacillus;s__Levilactobacillus brevis	97.2	0.865	d__Bacteria;p__Bacillota;c__Bacilli;o__Lactobacillales;f__Lactobacillaceae;g__Levilactobacillus;s__	taxonomic classification defined by topology and ANI	topological placement and ANI have congruent species assignments	N/A	95.69	11	N/A	N/A
HN00158226_AMT-62411	d__Bacteria;p__Bacillota;c__Bacilli;o__Lactobacillales;f__Lactobacillaceae;g__Lactiplantibacillus;s__Lactiplantibacillus pentosus	GCF_003641185.1	95.0	d__Bacteria;p__Bacillota;c__Bacilli;o__Lactobacillales;f__Lactobacillaceae;g__Lactiplantibacillus;s__Lactiplantibacillus pentosus	98.11	0.884	GCF_003641185.1	95.0	d__Bacteria;p__Bacillota;c__Bacilli;o__Lactobacillales;f__Lactobacillaceae;g__Lactiplantibacillus;s__Lactiplantibacillus pentosus	98.11	0.884	d__Bacteria;p__Bacillota;c__Bacilli;o__Lactobacillales;f__Lactobacillaceae;g__Lactiplantibacillus;s__	taxonomic classification defined by topology and ANI	topological placement and ANI have congruent species assignments	GCA_000463075.2, s__Lactiplantibacillus plantarum_A, 95.0, 93.41, 0.837; GCF_003641145.1, s__Lactiplantibacillus paraplantarum, 95.0, 83.09, 0.2; GCF_014131735.1, s__Lactiplantibacillus plantarum, 95.0, 82.97, 0.216; GCF_032681335.1, s__Lactiplantibacillus sp032681335, 95.0, 82.04, 0.203	93.13	11	N/A	N/A
HN00158226_AMT-86116	d__Bacteria;p__Bacillota;c__Bacilli;o__Lactobacillales;f__Lactobacillaceae;g__Weissella;s__Weissella confusa	GCF_007991875.1	95.0	d__Bacteria;p__Bacillota;c__Bacilli;o__Lactobacillales;f__Lactobacillaceae;g__Weissella;s__Weissella confusa	98.32	0.905	GCF_007991875.1	95.0	d__Bacteria;p__Bacillota;c__Bacilli;o__Lactobacillales;f__Lactobacillaceae;g__Weissella;s__Weissella confusa	98.32	0.905	d__Bacteria;p__Bacillota;c__Bacilli;o__Lactobacillales;f__Lactobacillaceae;g__Weissella;s__	taxonomic classification defined by topology and ANI	topological placement and ANI have congruent species assignments	GCA_014332815.1, s__Weissella confusa_C, 95.0, 94.65, 0.515; GCF_025908565.2, s__Weissella fermenti, 95.0, 93.09, 0.786; GCA_041871065.1, s__Weissella confusa_A, 95.0, 92.76, 0.777; GCF_000193635.1, s__Weissella cibaria, 95.0, 83.31, 0.188; GCF_004521965.1, s__Weissella cibaria_A, 95.0, 82.02, 0.175	94.5	11	N/A	N/A
HN00158226_AMT-912711	d__Bacteria;p__Bacillota;c__Bacilli;o__Lactobacillales;f__Lactobacillaceae;g__Leuconostoc;s__Leuconostoc suionicum	GCF_001891125.1	95.0	d__Bacteria;p__Bacillota;c__Bacilli;o__Lactobacillales;f__Lactobacillaceae;g__Leuconostoc;s__Leuconostoc suionicum	98.66	0.897	GCF_001891125.1	95.0	d__Bacteria;p__Bacillota;c__Bacilli;o__Lactobacillales;f__Lactobacillaceae;g__Leuconostoc;s__Leuconostoc suionicum	98.66	0.897	d__Bacteria;p__Bacillota;c__Bacilli;o__Lactobacillales;f__Lactobacillaceae;g__Leuconostoc;s__	taxonomic classification defined by topology and ANI	topological placement and ANI have congruent species assignments	GCF_000014445.1, s__Leuconostoc mesenteroides, 95.0, 94.43, 0.787; GCA_009676745.1, s__Leuconostoc mesenteroides_B, 95.0, 90.05, 0.724; GCF_008107645.1, s__Leuconostoc litchii, 95.0, 82.07, 0.273	95.37	11	N/A	N/A
HN00158226_F1493	d__Bacteria;p__Bacillota;c__Bacilli;o__Lactobacillales;f__Lactobacillaceae;g__Pediococcus;s__Pediococcus acidilactici	GCF_000146325.1	95.0	d__Bacteria;p__Bacillota;c__Bacilli;o__Lactobacillales;f__Lactobacillaceae;g__Pediococcus;s__Pediococcus acidilactici	97.35	0.875	GCF_000146325.1	95.0	d__Bacteria;p__Bacillota;c__Bacilli;o__Lactobacillales;f__Lactobacillaceae;g__Pediococcus;s__Pediococcus acidilactici	97.35	0.875	d__Bacteria;p__Bacillota;c__Bacilli;o__Lactobacillales;f__Lactobacillaceae;g__Pediococcus;s__	taxonomic classification defined by topology and ANI	topological placement and ANI have congruent species assignments	GCA_024970065.1, s__Pediococcus acidilactici_A, 95.0, 91.0, 0.731	94.94	11	N/A	N/A
HN00158226_GS200142	d__Bacteria;p__Bacillota;c__Bacilli;o__Lactobacillales;f__Lactobacillaceae;g__Latilactobacillus;s__Latilactobacillus sakei	GCF_002370355.1	95.0	d__Bacteria;p__Bacillota;c__Bacilli;o__Lactobacillales;f__Lactobacillaceae;g__Latilactobacillus;s__Latilactobacillus sakei	98.75	0.917	GCF_002370355.1	95.0	d__Bacteria;p__Bacillota;c__Bacilli;o__Lactobacillales;f__Lactobacillaceae;g__Latilactobacillus;s__Latilactobacillus sakei	98.75	0.917	d__Bacteria;p__Bacillota;c__Bacilli;o__Lactobacillales;f__Lactobacillaceae;g__Latilactobacillus;s__	taxonomic classification defined by topology and ANI	topological placement and ANI have congruent species assignments	GCA_002953655.1, s__Latilactobacillus sakei_A, 95.0, 93.06, 0.799; GCF_004101845.1, s__Latilactobacillus curvatus, 95.0, 84.58, 0.236; GCF_905332535.1, s__Latilactobacillus fragifolii, 95.0, 81.07, 0.165	96.17	11	N/A	N/A
HN00158226_K200742	d__Bacteria;p__Bacillota;c__Bacilli;o__Lactobacillales;f__Lactobacillaceae;g__Lacticaseibacillus;s__Lacticaseibacillus paracasei	GCF_000829035.1	95.0	d__Bacteria;p__Bacillota;c__Bacilli;o__Lactobacillales;f__Lactobacillaceae;g__Lacticaseibacillus;s__Lacticaseibacillus paracasei	98.15	0.855	GCF_000829035.1	95.0	d__Bacteria;p__Bacillota;c__Bacilli;o__Lactobacillales;f__Lactobacillaceae;g__Lacticaseibacillus;s__Lacticaseibacillus paracasei	98.15	0.855	d__Bacteria;p__Bacillota;c__Bacilli;o__Lactobacillales;f__Lactobacillaceae;g__Lacticaseibacillus;s__	taxonomic classification defined by topology and ANI	topological placement and ANI have congruent species assignments	N/A	95.89	11	N/A	N/A
HN00158226_TJ3-03	d__Bacteria;p__Bacillota;c__Bacilli;o__Lactobacillales;f__Lactobacillaceae;g__Pediococcus;s__Pediococcus pentosaceus	GCF_001437285.1	95.0	d__Bacteria;p__Bacillota;c__Bacilli;o__Lactobacillales;f__Lactobacillaceae;g__Pediococcus;s__Pediococcus pentosaceus	98.73	0.912	GCF_001437285.1	95.0	d__Bacteria;p__Bacillota;c__Bacilli;o__Lactobacillales;f__Lactobacillaceae;g__Pediococcus;s__Pediococcus pentosaceus	98.73	0.912	d__Bacteria;p__Bacillota;c__Bacilli;o__Lactobacillales;f__Lactobacillaceae;g__Pediococcus;s__	taxonomic classification defined by topology and ANI	topological placement and ANI have congruent species assignments	GCA_022712335.1, s__Pediococcus sp022712335, 95.0, 86.08, 0.386	95.75	11	N/A	N/A
HN00160728_K40318	d__Bacteria;p__Bacillota;c__Bacilli;o__Lactobacillales;f__Streptococcaceae;g__Lactococcus;s__Lactococcus lactis	GCF_029023865.1	95.0	d__Bacteria;p__Bacillota;c__Bacilli;o__Lactobacillales;f__Streptococcaceae;g__Lactococcus;s__Lactococcus lactis	98.64	0.867	GCF_029023865.1	95.0	d__Bacteria;p__Bacillota;c__Bacilli;o__Lactobacillales;f__Streptococcaceae;g__Lactococcus;s__Lactococcus lactis	98.64	0.867	d__Bacteria;p__Bacillota;c__Bacilli;o__Lactobacillales;f__Streptococcaceae;g__Lactococcus;s__	taxonomic classification defined by topology and ANI	topological placement and ANI have congruent species assignments	GCF_001591705.1, s__Lactococcus cremoris, 95.0, 88.11, 0.583; GCF_014905395.1, s__Lactococcus taiwanensis, 95.0, 85.99, 0.2	97.46	11	N/A	N/A
HN00161493_KY0014	d__Bacteria;p__Bacillota;c__Bacilli;o__Lactobacillales;f__Lactobacillaceae;g__Lacticaseibacillus;s__Lacticaseibacillus paracasei	GCF_000829035.1	95.0	d__Bacteria;p__Bacillota;c__Bacilli;o__Lactobacillales;f__Lactobacillaceae;g__Lacticaseibacillus;s__Lacticaseibacillus paracasei	98.28	0.856	GCF_000829035.1	95.0	d__Bacteria;p__Bacillota;c__Bacilli;o__Lactobacillales;f__Lactobacillaceae;g__Lacticaseibacillus;s__Lacticaseibacillus paracasei	98.28	0.856	d__Bacteria;p__Bacillota;c__Bacilli;o__Lactobacillales;f__Lactobacillaceae;g__Lacticaseibacillus;s__	taxonomic classification defined by topology and ANI	topological placement and ANI have congruent species assignments	N/A	95.87	11	N/A	N/A
HN00163376_AMT88628	d__Bacteria;p__Bacillota;c__Bacilli;o__Lactobacillales;f__Lactobacillaceae;g__Lactiplantibacillus;s__Lactiplantibacillus plantarum	GCF_014131735.1	95.0	d__Bacteria;p__Bacillota;c__Bacilli;o__Lactobacillales;f__Lactobacillaceae;g__Lactiplantibacillus;s__Lactiplantibacillus plantarum	99.08	0.928	GCF_014131735.1	95.0	d__Bacteria;p__Bacillota;c__Bacilli;o__Lactobacillales;f__Lactobacillaceae;g__Lactiplantibacillus;s__Lactiplantibacillus plantarum	99.08	0.928	d__Bacteria;p__Bacillota;c__Bacilli;o__Lactobacillales;f__Lactobacillaceae;g__Lactiplantibacillus;s__	taxonomic classification defined by topology and ANI	topological placement and ANI have congruent species assignments	GCF_032681335.1, s__Lactiplantibacillus sp032681335, 95.0, 90.72, 0.622; GCF_003641145.1, s__Lactiplantibacillus paraplantarum, 95.0, 88.44, 0.539; GCF_003641185.1, s__Lactiplantibacillus pentosus, 95.0, 83.18, 0.216; GCA_000463075.2, s__Lactiplantibacillus plantarum_A, 95.0, 82.28, 0.203	94.1	11	N/A	N/A
HN00163376_FA111	d__Bacteria;p__Bacillota;c__Bacilli;o__Bacillales;f__Bacillaceae;g__Bacillus;s__Bacillus subtilis	GCF_000009045.1	95.0	d__Bacteria;p__Bacillota;c__Bacilli;o__Bacillales;f__Bacillaceae;g__Bacillus;s__Bacillus subtilis	98.33	0.927	GCF_000009045.1	95.0	d__Bacteria;p__Bacillota;c__Bacilli;o__Bacillales;f__Bacillaceae;g__Bacillus;s__Bacillus subtilis	98.33	0.927	d__Bacteria;p__Bacillota;c__Bacilli;o__Bacillales;f__Bacillaceae;g__Bacillus;s__	taxonomic classification defined by topology and ANI	topological placement and ANI have congruent species assignments	GCF_000738015.1, s__Bacillus stercoris, 95.0, 94.84, 0.899; GCA_026790065.1, s__Bacillus sp026790065, 95.0, 92.45, 0.87; GCF_031316495.1, s__Bacillus spizizenii, 95.0, 92.36, 0.872; GCF_000332645.1, s__Bacillus inaquosorum, 95.0, 92.29, 0.836; GCF_004124315.2, s__Bacillus cabrialesii, 95.0, 92.18, 0.864; GCF_011745685.2, s__Bacillus rugosus, 95.0, 92.15, 0.847; GCF_031317525.1, s__Bacillus tequilensis, 95.0, 91.6, 0.814; GCF_040784915.1, s__Bacillus subtilis_G, 95.0, 91.6, 0.808; GCF_004116955.1, s__Bacillus vallismortis, 95.0, 90.96, 0.768; GCA_020223575.2, s__Bacillus mexicanus, 95.0, 90.49, 0.778; GCF_001517105.1, s__Bacillus halotolerans, 95.0, 88.42, 0.744; GCF_031316635.1, s__Bacillus mojavensis, 95.47, 88.13, 0.748; GCF_001584335.1, s__Bacillus atrophaeus, 95.0, 81.5, 0.26; GCF_000196735.1, s__Bacillus amyloliquefaciens, 95.0, 81.16, 0.179; GCF_001461825.1, s__Bacillus velezensis, 95.0, 80.82, 0.186; GCF_000262045.1, s__Bacillus siamensis, 95.0, 80.82, 0.184; GCF_018613535.1, s__Bacillus sp018613535, 95.0, 80.75, 0.211; GCF_001584325.1, s__Bacillus nakamurai, 95.0, 80.47, 0.196	96.19	11	N/A	N/A
HN00167634_C4-2	d__Bacteria;p__Bacillota;c__Bacilli;o__Bacillales;f__Bacillaceae_G;g__Bacillus_A;s__Bacillus_A pacificus	GCF_001884025.1	95.52	d__Bacteria;p__Bacillota;c__Bacilli;o__Bacillales;f__Bacillaceae_G;g__Bacillus_A;s__Bacillus_A pacificus	98.12	0.849	GCF_001884025.1	95.52	d__Bacteria;p__Bacillota;c__Bacilli;o__Bacillales;f__Bacillaceae_G;g__Bacillus_A;s__Bacillus_A pacificus	98.12	0.849	d__Bacteria;p__Bacillota;c__Bacilli;o__Bacillales;f__Bacillaceae_G;g__Bacillus_A;s__	taxonomic classification defined by topology and ANI	topological placement and ANI have congruent species assignments	GCF_001883995.1, s__Bacillus_A paranthracis, 95.17, 95.55, 0.791; GCF_001884035.1, s__Bacillus_A tropicus, 95.25, 94.73, 0.795; GCF_000742895.1, s__Bacillus_A anthracis, 95.0, 93.98, 0.755; GCF_018332475.1, s__Bacillus_A sanguinis, 95.12, 93.62, 0.746; GCF_001455345.1, s__Bacillus_A thuringiensis_N, 95.0, 93.57, 0.773; GCF_006494425.1, s__Bacillus_A dicomae, 95.0, 93.47, 0.739; GCF_038971285.1, s__Bacillus_A sp002571225, 95.0, 93.45, 0.73; GCF_921008455.1, s__Bacillus_A basilensis, 95.21, 93.32, 0.729; GCF_001884185.1, s__Bacillus_A albus, 95.0, 93.18, 0.719; GCF_001884045.1, s__Bacillus_A mobilis, 95.0, 93.17, 0.758; GCF_002746455.1, s__Bacillus_A fungorum, 95.0, 93.16, 0.691; GCF_007678085.1, s__Bacillus_A cereus_BE, 95.0, 93.11, 0.758; GCF_001583695.1, s__Bacillus_A wiedmannii, 95.0, 93.11, 0.752; GCF_022095615.2, s__Bacillus_A cereus_AG, 95.0, 92.87, 0.745; GCF_008923725.1, s__Bacillus_A sp008923725, 95.0, 92.87, 0.73; GCF_003400245.1, s__Bacillus_A sp003400245, 95.0, 92.54, 0.736; GCF_000007825.1, s__Bacillus_A cereus, 95.0, 91.6, 0.718; GCF_001595725.1, s__Bacillus_A thuringiensis_K, 96.75, 91.54, 0.704; GCF_001884105.1, s__Bacillus_A luti, 95.0, 91.51, 0.731; GCF_000021305.1, s__Bacillus_A thuringiensis_S, 96.14, 91.26, 0.687; GCF_001182785.1, s__Bacillus_A thuringiensis, 96.46, 90.99, 0.7; GCF_002584985.1, s__Bacillus_A sp002584985, 95.0, 90.94, 0.679; GCF_000496285.1, s__Bacillus_A toyonensis, 95.0, 90.93, 0.717; GCF_002567495.1, s__Bacillus_A cereus_AQ, 95.0, 90.9, 0.689; GCA_027694045.1, s__Bacillus_A sp027694045, 95.0, 90.82, 0.725; GCA_002578045.1, s__Bacillus_A cereus_AK, 95.0, 90.21, 0.581; GCF_002564555.1, s__Bacillus_A cereus_K, 95.0, 90.14, 0.664; GCF_001884135.1, s__Bacillus_A nitratireducens, 95.0, 90.09, 0.638; GCA_014932895.1, s__Bacillus_A thuringiensis_AA, 95.0, 90.07, 0.604; GCF_002577405.1, s__Bacillus_A cereus_AU, 95.0, 90.05, 0.652; GCF_025917685.1, s__Bacillus_A cereus_AT, 95.28, 90.02, 0.68; GCF_018332515.1, s__Bacillus_A hominis, 95.0, 89.93, 0.621; GCF_001884065.1, s__Bacillus_A proteolyticus, 95.0, 89.76, 0.61; GCF_018966865.1, s__Bacillus_A sp018966865, 95.0, 89.64, 0.673; GCF_000832605.1, s__Bacillus_A mycoides, 95.0, 89.57, 0.617; GCF_018742245.1, s__Bacillus_A cereus_U, 95.0, 89.33, 0.627; GCF_040459645.1, s__Bacillus_A mycoides_C, 95.0, 89.13, 0.616; GCF_015071065.1, s__Bacillus_A cereus_BA, 95.0, 88.9, 0.573; GCF_001757995.1, s__Bacillus_A mycoides_B, 95.0, 88.89, 0.583; GCF_002975175.1, s__Bacillus_A sp002975175, 95.0, 88.76, 0.562; GCF_001884235.1, s__Bacillus_A paramycoides, 95.0, 88.71, 0.571; GCF_000746925.1, s__Bacillus_A clarus, 95.0, 85.93, 0.43; GCF_002551815.1, s__Bacillus_A sp002551815, 95.0, 84.18, 0.271; GCF_013314535.1, s__Bacillus_A sp013314535, 95.0, 83.33, 0.249; GCA_002561295.1, s__Bacillus_A cereus_S, 95.0, 83.23, 0.276; GCA_037095095.1, s__Bacillus_A cereus_BF, 95.0, 83.2, 0.246; GCF_022811845.1, s__Bacillus_A cereus_AV, 95.0, 83.2, 0.242; GCA_039549175.1, s__Bacillus_A sp039549175, 95.0, 83.17, 0.251; GCF_001590835.1, s__Bacillus_A gaemokensis, 95.0, 82.9, 0.247; GCF_017498775.1, s__Bacillus_A arachidis, 95.0, 82.88, 0.248; GCF_000299035.1, s__Bacillus_A bingmayongensis, 95.0, 82.79, 0.244; GCF_000161455.1, s__Bacillus_A pseudomycoides, 95.0, 82.63, 0.244; GCF_000017425.1, s__Bacillus_A cytotoxicus, 95.0, 82.62, 0.275; GCF_022663115.1, s__Bacillus_A cereus_BD, 95.0, 82.51, 0.259; GCF_030292155.1, s__Bacillus_A sp030292155, 95.0, 82.18, 0.187	90.43	11	N/A	N/A
HN00167634_CPP0006	d__Bacteria;p__Bacillota;c__Bacilli;o__Bacillales;f__Bacillaceae;g__Bacillus;s__Bacillus amyloliquefaciens	GCF_000196735.1	95.0	d__Bacteria;p__Bacillota;c__Bacilli;o__Bacillales;f__Bacillaceae;g__Bacillus;s__Bacillus amyloliquefaciens	98.13	0.9	GCF_000196735.1	95.0	d__Bacteria;p__Bacillota;c__Bacilli;o__Bacillales;f__Bacillaceae;g__Bacillus;s__Bacillus amyloliquefaciens	98.13	0.9	d__Bacteria;p__Bacillota;c__Bacilli;o__Bacillales;f__Bacillaceae;g__Bacillus;s__	taxonomic classification defined by topology and ANI	topological placement and ANI have congruent species assignments	GCF_000262045.1, s__Bacillus siamensis, 95.0, 93.75, 0.863; GCF_001461825.1, s__Bacillus velezensis, 95.0, 93.73, 0.843; GCF_001584325.1, s__Bacillus nakamurai, 95.0, 87.71, 0.695; GCF_018613535.1, s__Bacillus sp018613535, 95.0, 87.62, 0.694; GCF_004116955.1, s__Bacillus vallismortis, 95.0, 81.04, 0.171; GCF_004124315.2, s__Bacillus cabrialesii, 95.0, 80.94, 0.191; GCF_001517105.1, s__Bacillus halotolerans, 95.0, 80.85, 0.179; GCF_040784915.1, s__Bacillus subtilis_G, 95.0, 80.85, 0.164; GCF_000009045.1, s__Bacillus subtilis, 95.0, 80.8, 0.176; GCF_000332645.1, s__Bacillus inaquosorum, 95.0, 80.67, 0.182; GCF_011745685.2, s__Bacillus rugosus, 95.0, 80.53, 0.175; GCF_031316495.1, s__Bacillus spizizenii, 95.0, 80.5, 0.183; GCF_031316635.1, s__Bacillus mojavensis, 95.47, 80.5, 0.17; GCF_031317525.1, s__Bacillus tequilensis, 95.0, 80.42, 0.182; GCF_000738015.1, s__Bacillus stercoris, 95.0, 80.38, 0.172; GCA_026790065.1, s__Bacillus sp026790065, 95.0, 80.23, 0.174; GCA_020223575.2, s__Bacillus mexicanus, 95.0, 80.22, 0.172; GCF_001584335.1, s__Bacillus atrophaeus, 95.0, 80.12, 0.17	96.86	11	N/A	N/A
HN00167634_K200347	d__Bacteria;p__Bacillota;c__Bacilli;o__Lactobacillales;f__Lactobacillaceae;g__Latilactobacillus;s__Latilactobacillus curvatus	GCF_004101845.1	95.0	d__Bacteria;p__Bacillota;c__Bacilli;o__Lactobacillales;f__Lactobacillaceae;g__Latilactobacillus;s__Latilactobacillus curvatus	98.63	0.872	GCF_004101845.1	95.0	d__Bacteria;p__Bacillota;c__Bacilli;o__Lactobacillales;f__Lactobacillaceae;g__Latilactobacillus;s__Latilactobacillus curvatus	98.63	0.872	d__Bacteria;p__Bacillota;c__Bacilli;o__Lactobacillales;f__Lactobacillaceae;g__Latilactobacillus;s__	taxonomic classification defined by topology and ANI	topological placement and ANI have congruent species assignments	GCF_905332535.1, s__Latilactobacillus fragifolii, 95.0, 88.77, 0.62; GCF_001436415.1, s__Latilactobacillus graminis, 95.0, 84.9, 0.405; GCF_002370355.1, s__Latilactobacillus sakei, 95.0, 83.25, 0.205; GCA_002953655.1, s__Latilactobacillus sakei_A, 95.0, 82.93, 0.198	95.33	11	N/A	N/A
HN00171167_F3034	d__Bacteria;p__Bacillota;c__Bacilli;o__Bacillales;f__Bacillaceae;g__Bacillus;s__Bacillus sonorensis	GCF_001592005.1	95.0	d__Bacteria;p__Bacillota;c__Bacilli;o__Bacillales;f__Bacillaceae;g__Bacillus;s__Bacillus sonorensis	99.77	0.981	GCF_001592005.1	95.0	d__Bacteria;p__Bacillota;c__Bacilli;o__Bacillales;f__Bacillaceae;g__Bacillus;s__Bacillus sonorensis	99.77	0.981	d__Bacteria;p__Bacillota;c__Bacilli;o__Bacillales;f__Bacillaceae;g__Bacillus;s__	taxonomic classification defined by topology and ANI	topological placement and ANI have congruent species assignments	GCF_001042475.2, s__Bacillus glycinifermentans, 95.0, 86.95, 0.586; GCF_001969815.1, s__Bacillus swezeyi, 95.0, 84.37, 0.457; GCF_000011645.1, s__Bacillus licheniformis, 95.0, 83.99, 0.397; GCF_001042485.2, s__Bacillus paralicheniformis, 95.0, 83.6, 0.38; GCF_029537375.1, s__Bacillus sonorensis_A, 95.0, 83.56, 0.399; GCF_001969855.1, s__Bacillus haynesii, 95.2, 83.45, 0.379	97.0	11	N/A	N/A
HN00171167_F3035	d__Bacteria;p__Bacillota;c__Bacilli;o__Bacillales;f__Bacillaceae;g__Bacillus;s__Bacillus altitudinis	GCF_000691145.1	95.0	d__Bacteria;p__Bacillota;c__Bacilli;o__Bacillales;f__Bacillaceae;g__Bacillus;s__Bacillus altitudinis	98.38	0.945	GCF_000691145.1	95.0	d__Bacteria;p__Bacillota;c__Bacilli;o__Bacillales;f__Bacillaceae;g__Bacillus;s__Bacillus altitudinis	98.38	0.945	d__Bacteria;p__Bacillota;c__Bacilli;o__Bacillales;f__Bacillaceae;g__Bacillus;s__	taxonomic classification defined by topology and ANI	topological placement and ANI have congruent species assignments	GCF_000300535.1, s__Bacillus xiamenensis, 95.0, 91.58, 0.833; GCF_024498355.1, s__Bacillus pumilus_P, 95.0, 90.78, 0.803; GCF_014764715.1, s__Bacillus sp014764715, 95.0, 90.67, 0.8; GCF_000715205.1, s__Bacillus zhangzhouensis, 95.0, 90.48, 0.824; GCF_038738535.1, s__Bacillus sp002998085, 95.0, 90.19, 0.824; GCF_000691165.1, s__Bacillus safensis, 95.0, 90.03, 0.795; GCF_900186955.1, s__Bacillus pumilus, 95.45, 89.94, 0.773; GCF_002744245.1, s__Bacillus pumilus_M, 95.0, 89.88, 0.761; GCF_020524495.1, s__Bacillus stratosphericus_B, 95.0, 89.82, 0.682; GCF_001307105.1, s__Bacillus australimaris, 95.01, 89.67, 0.806; GCA_030159235.1, s__Bacillus safensis_B, 95.0, 89.63, 0.76; GCF_003431975.1, s__Bacillus pumilus_N, 95.0, 89.62, 0.776; GCA_025809375.1, s__Bacillus zhangzhouensis_A, 95.0, 89.62, 0.761; GCF_009937765.1, s__Bacillus pumilus_O, 95.0, 89.43, 0.755; GCF_040500475.1, s__Bacillus sp040500475, 95.0, 86.58, 0.565; GCA_001938995.1, s__Bacillus pumilus_G, 95.0, 86.51, 0.608	96.01	11	N/A	N/A
HN00171167_F3039	d__Bacteria;p__Bacillota;c__Bacilli;o__Bacillales;f__Bacillaceae;g__Bacillus;s__Bacillus safensis	GCF_000691165.1	95.0	d__Bacteria;p__Bacillota;c__Bacilli;o__Bacillales;f__Bacillaceae;g__Bacillus;s__Bacillus safensis	99.02	0.959	GCF_000691165.1	95.0	d__Bacteria;p__Bacillota;c__Bacilli;o__Bacillales;f__Bacillaceae;g__Bacillus;s__Bacillus safensis	99.02	0.959	d__Bacteria;p__Bacillota;c__Bacilli;o__Bacillales;f__Bacillaceae;g__Bacillus;s__	taxonomic classification defined by topology and ANI	topological placement and ANI have congruent species assignments	GCA_025809375.1, s__Bacillus zhangzhouensis_A, 95.0, 95.19, 0.895; GCF_001307105.1, s__Bacillus australimaris, 95.01, 93.1, 0.892; GCA_030159235.1, s__Bacillus safensis_B, 95.0, 92.78, 0.898; GCF_038738535.1, s__Bacillus sp002998085, 95.0, 92.15, 0.9; GCF_900186955.1, s__Bacillus pumilus, 95.45, 91.75, 0.888; GCF_003431975.1, s__Bacillus pumilus_N, 95.0, 91.48, 0.868; GCF_014764715.1, s__Bacillus sp014764715, 95.0, 91.48, 0.845; GCF_024498355.1, s__Bacillus pumilus_P, 95.0, 91.25, 0.858; GCF_009937765.1, s__Bacillus pumilus_O, 95.0, 91.03, 0.86; GCF_000715205.1, s__Bacillus zhangzhouensis, 95.0, 90.91, 0.844; GCF_002744245.1, s__Bacillus pumilus_M, 95.0, 90.04, 0.794; GCF_000691145.1, s__Bacillus altitudinis, 95.0, 90.0, 0.822; GCF_000300535.1, s__Bacillus xiamenensis, 95.0, 89.89, 0.784; GCF_020524495.1, s__Bacillus stratosphericus_B, 95.0, 89.73, 0.684; GCA_001938995.1, s__Bacillus pumilus_G, 95.0, 86.82, 0.637; GCF_040500475.1, s__Bacillus sp040500475, 95.0, 86.71, 0.593	96.9	11	N/A	N/A
HN00171167_F3062	d__Bacteria;p__Bacillota;c__Bacilli;o__Bacillales;f__Bacillaceae;g__Bacillus;s__Bacillus altitudinis	GCF_000691145.1	95.0	d__Bacteria;p__Bacillota;c__Bacilli;o__Bacillales;f__Bacillaceae;g__Bacillus;s__Bacillus altitudinis	98.32	0.942	GCF_000691145.1	95.0	d__Bacteria;p__Bacillota;c__Bacilli;o__Bacillales;f__Bacillaceae;g__Bacillus;s__Bacillus altitudinis	98.32	0.942	d__Bacteria;p__Bacillota;c__Bacilli;o__Bacillales;f__Bacillaceae;g__Bacillus;s__	taxonomic classification defined by topology and ANI	topological placement and ANI have congruent species assignments	GCF_000300535.1, s__Bacillus xiamenensis, 95.0, 91.64, 0.828; GCF_024498355.1, s__Bacillus pumilus_P, 95.0, 90.91, 0.816; GCF_014764715.1, s__Bacillus sp014764715, 95.0, 90.78, 0.818; GCF_000715205.1, s__Bacillus zhangzhouensis, 95.0, 90.51, 0.823; GCF_038738535.1, s__Bacillus sp002998085, 95.0, 90.36, 0.824; GCF_900186955.1, s__Bacillus pumilus, 95.45, 90.05, 0.801; GCF_000691165.1, s__Bacillus safensis, 95.0, 90.05, 0.799; GCF_002744245.1, s__Bacillus pumilus_M, 95.0, 90.02, 0.772; GCF_020524495.1, s__Bacillus stratosphericus_B, 95.0, 89.89, 0.688; GCF_003431975.1, s__Bacillus pumilus_N, 95.0, 89.85, 0.791; GCF_001307105.1, s__Bacillus australimaris, 95.01, 89.69, 0.811; GCA_025809375.1, s__Bacillus zhangzhouensis_A, 95.0, 89.66, 0.759; GCA_030159235.1, s__Bacillus safensis_B, 95.0, 89.52, 0.788; GCF_009937765.1, s__Bacillus pumilus_O, 95.0, 89.4, 0.771; GCA_001938995.1, s__Bacillus pumilus_G, 95.0, 86.58, 0.604; GCF_040500475.1, s__Bacillus sp040500475, 95.0, 86.52, 0.563	96.88	11	N/A	N/A
HN00171167_F3071	d__Bacteria;p__Bacillota;c__Bacilli;o__Bacillales;f__Bacillaceae;g__Bacillus;s__Bacillus safensis	GCF_000691165.1	95.0	d__Bacteria;p__Bacillota;c__Bacilli;o__Bacillales;f__Bacillaceae;g__Bacillus;s__Bacillus safensis	95.72	0.902	N/A	N/A	N/A	N/A	N/A	d__Bacteria;p__Bacillota;c__Bacilli;o__Bacillales;f__Bacillaceae;g__Bacillus;s__	taxonomic classification defined by topology and ANI	topological placement and ANI have incongruent species assignments	GCF_000691165.1, s__Bacillus safensis, 95.0, 95.72, 0.902; GCA_025809375.1, s__Bacillus zhangzhouensis_A, 95.0, 95.05, 0.882; GCF_001307105.1, s__Bacillus australimaris, 95.01, 93.7, 0.918; GCA_030159235.1, s__Bacillus safensis_B, 95.0, 92.83, 0.906; GCF_038738535.1, s__Bacillus sp002998085, 95.0, 92.43, 0.904; GCF_900186955.1, s__Bacillus pumilus, 95.45, 91.68, 0.891; GCF_003431975.1, s__Bacillus pumilus_N, 95.0, 91.32, 0.865; GCF_024498355.1, s__Bacillus pumilus_P, 95.0, 91.26, 0.84; GCF_014764715.1, s__Bacillus sp014764715, 95.0, 91.13, 0.829; GCF_009937765.1, s__Bacillus pumilus_O, 95.0, 90.98, 0.859; GCF_000715205.1, s__Bacillus zhangzhouensis, 95.0, 90.96, 0.844; GCF_002744245.1, s__Bacillus pumilus_M, 95.0, 89.96, 0.78; GCF_000300535.1, s__Bacillus xiamenensis, 95.0, 89.89, 0.771; GCF_000691145.1, s__Bacillus altitudinis, 95.0, 89.85, 0.803; GCF_020524495.1, s__Bacillus stratosphericus_B, 95.0, 89.73, 0.687; GCA_001938995.1, s__Bacillus pumilus_G, 95.0, 86.61, 0.62; GCF_040500475.1, s__Bacillus sp040500475, 95.0, 86.56, 0.585	96.07	11	N/A	N/A
HN00173995_F3121	d__Bacteria;p__Bacillota;c__Bacilli;o__Bacillales;f__Bacillaceae;g__Bacillus;s__Bacillus pumilus	GCF_900186955.1	95.45	d__Bacteria;p__Bacillota;c__Bacilli;o__Bacillales;f__Bacillaceae;g__Bacillus;s__Bacillus pumilus	98.43	0.947	GCF_900186955.1	95.45	d__Bacteria;p__Bacillota;c__Bacilli;o__Bacillales;f__Bacillaceae;g__Bacillus;s__Bacillus pumilus	98.43	0.947	d__Bacteria;p__Bacillota;c__Bacilli;o__Bacillales;f__Bacillaceae;g__Bacillus;s__	taxonomic classification defined by topology and ANI	topological placement and ANI have congruent species assignments	GCF_038738535.1, s__Bacillus sp002998085, 95.0, 95.32, 0.932; GCF_009937765.1, s__Bacillus pumilus_O, 95.0, 95.11, 0.903; GCF_003431975.1, s__Bacillus pumilus_N, 95.0, 93.13, 0.889; GCF_000691165.1, s__Bacillus safensis, 95.0, 91.59, 0.852; GCF_001307105.1, s__Bacillus australimaris, 95.01, 91.48, 0.869; GCF_000715205.1, s__Bacillus zhangzhouensis, 95.0, 91.19, 0.855; GCA_025809375.1, s__Bacillus zhangzhouensis_A, 95.0, 91.18, 0.826; GCA_030159235.1, s__Bacillus safensis_B, 95.0, 90.99, 0.866; GCF_014764715.1, s__Bacillus sp014764715, 95.0, 90.98, 0.827; GCF_024498355.1, s__Bacillus pumilus_P, 95.0, 90.97, 0.841; GCF_002744245.1, s__Bacillus pumilus_M, 95.0, 89.88, 0.781; GCF_000691145.1, s__Bacillus altitudinis, 95.0, 89.84, 0.803; GCF_000300535.1, s__Bacillus xiamenensis, 95.0, 89.69, 0.763; GCF_020524495.1, s__Bacillus stratosphericus_B, 95.0, 89.39, 0.686; GCA_001938995.1, s__Bacillus pumilus_G, 95.0, 86.59, 0.621; GCF_040500475.1, s__Bacillus sp040500475, 95.0, 86.42, 0.576	96.94	11	N/A	N/A
HN00173995_F3303	d__Bacteria;p__Bacillota;c__Bacilli;o__Bacillales;f__Bacillaceae;g__Bacillus;s__Bacillus velezensis	GCF_001461825.1	95.0	d__Bacteria;p__Bacillota;c__Bacilli;o__Bacillales;f__Bacillaceae;g__Bacillus;s__Bacillus velezensis	97.61	0.945	GCF_001461825.1	95.0	d__Bacteria;p__Bacillota;c__Bacilli;o__Bacillales;f__Bacillaceae;g__Bacillus;s__Bacillus velezensis	97.61	0.945	d__Bacteria;p__Bacillota;c__Bacilli;o__Bacillales;f__Bacillaceae;g__Bacillus;s__	taxonomic classification defined by topology and ANI	topological placement and ANI have congruent species assignments	GCF_000262045.1, s__Bacillus siamensis, 95.0, 94.28, 0.903; GCF_000196735.1, s__Bacillus amyloliquefaciens, 95.0, 93.88, 0.871; GCF_001584325.1, s__Bacillus nakamurai, 95.0, 87.43, 0.682; GCF_018613535.1, s__Bacillus sp018613535, 95.0, 87.3, 0.699; GCF_004124315.2, s__Bacillus cabrialesii, 95.0, 81.38, 0.202; GCF_000009045.1, s__Bacillus subtilis, 95.0, 81.16, 0.185; GCF_031317525.1, s__Bacillus tequilensis, 95.0, 81.05, 0.202; GCF_040784915.1, s__Bacillus subtilis_G, 95.0, 81.03, 0.182; GCF_004116955.1, s__Bacillus vallismortis, 95.0, 80.99, 0.173; GCF_001517105.1, s__Bacillus halotolerans, 95.0, 80.89, 0.206; GCF_000332645.1, s__Bacillus inaquosorum, 95.0, 80.79, 0.198; GCA_026790065.1, s__Bacillus sp026790065, 95.0, 80.67, 0.175; GCF_000738015.1, s__Bacillus stercoris, 95.0, 80.51, 0.175; GCF_031316635.1, s__Bacillus mojavensis, 95.47, 80.48, 0.191; GCF_031316495.1, s__Bacillus spizizenii, 95.0, 80.44, 0.178; GCF_011745685.2, s__Bacillus rugosus, 95.0, 80.25, 0.173; GCF_001584335.1, s__Bacillus atrophaeus, 95.0, 80.18, 0.174; GCA_020223575.2, s__Bacillus mexicanus, 95.0, 80.13, 0.172	96.09	11	N/A	N/A
HN00173995_F3309	d__Bacteria;p__Bacillota;c__Bacilli;o__Bacillales;f__Bacillaceae_G;g__Bacillus_A;s__Bacillus_A cereus	GCF_000007825.1	95.0	d__Bacteria;p__Bacillota;c__Bacilli;o__Bacillales;f__Bacillaceae_G;g__Bacillus_A;s__Bacillus_A cereus	96.98	0.876	GCF_000007825.1	95.0	d__Bacteria;p__Bacillota;c__Bacilli;o__Bacillales;f__Bacillaceae_G;g__Bacillus_A;s__Bacillus_A cereus	96.98	0.876	d__Bacteria;p__Bacillota;c__Bacilli;o__Bacillales;f__Bacillaceae_G;g__Bacillus_A;s__	taxonomic classification defined by topology and ANI	topological placement and ANI have congruent species assignments	GCF_001595725.1, s__Bacillus_A thuringiensis_K, 96.75, 96.23, 0.817; GCF_000021305.1, s__Bacillus_A thuringiensis_S, 96.14, 95.86, 0.817; GCF_001182785.1, s__Bacillus_A thuringiensis, 96.46, 95.32, 0.783; GCF_002567495.1, s__Bacillus_A cereus_AQ, 95.0, 93.95, 0.779; GCF_000496285.1, s__Bacillus_A toyonensis, 95.0, 91.77, 0.792; GCF_001884035.1, s__Bacillus_A tropicus, 95.25, 91.77, 0.764; GCF_001455345.1, s__Bacillus_A thuringiensis_N, 95.0, 91.77, 0.76; GCF_001883995.1, s__Bacillus_A paranthracis, 95.17, 91.6, 0.725; GCF_921008455.1, s__Bacillus_A basilensis, 95.21, 91.6, 0.717; GCF_001583695.1, s__Bacillus_A wiedmannii, 95.0, 91.54, 0.747; GCF_000742895.1, s__Bacillus_A anthracis, 95.0, 91.54, 0.733; GCF_006494425.1, s__Bacillus_A dicomae, 95.0, 91.54, 0.726; GCF_038971285.1, s__Bacillus_A sp002571225, 95.0, 91.54, 0.707; GCF_002746455.1, s__Bacillus_A fungorum, 95.0, 91.45, 0.668; GCF_007678085.1, s__Bacillus_A cereus_BE, 95.0, 91.39, 0.741; GCF_022095615.2, s__Bacillus_A cereus_AG, 95.0, 91.31, 0.689; GCF_001884025.1, s__Bacillus_A pacificus, 95.52, 91.29, 0.727; GCF_018332475.1, s__Bacillus_A sanguinis, 95.12, 91.27, 0.697; GCF_008923725.1, s__Bacillus_A sp008923725, 95.0, 91.08, 0.705; GCF_003400245.1, s__Bacillus_A sp003400245, 95.0, 90.99, 0.68; GCF_001884185.1, s__Bacillus_A albus, 95.0, 90.95, 0.7; GCF_001884105.1, s__Bacillus_A luti, 95.0, 90.94, 0.729; GCF_001884045.1, s__Bacillus_A mobilis, 95.0, 90.85, 0.678; GCA_027694045.1, s__Bacillus_A sp027694045, 95.0, 90.79, 0.721; GCF_002584985.1, s__Bacillus_A sp002584985, 95.0, 90.67, 0.679; GCA_014932895.1, s__Bacillus_A thuringiensis_AA, 95.0, 90.58, 0.639; GCF_002564555.1, s__Bacillus_A cereus_K, 95.0, 90.57, 0.697; GCF_002577405.1, s__Bacillus_A cereus_AU, 95.0, 90.56, 0.675; GCA_002578045.1, s__Bacillus_A cereus_AK, 95.0, 90.38, 0.618; GCF_025917685.1, s__Bacillus_A cereus_AT, 95.28, 90.23, 0.697; GCF_018966865.1, s__Bacillus_A sp018966865, 95.0, 90.02, 0.713; GCF_018332515.1, s__Bacillus_A hominis, 95.0, 89.93, 0.638; GCF_001884135.1, s__Bacillus_A nitratireducens, 95.0, 89.88, 0.657; GCF_001884065.1, s__Bacillus_A proteolyticus, 95.0, 89.83, 0.61; GCF_000832605.1, s__Bacillus_A mycoides, 95.0, 89.71, 0.663; GCF_018742245.1, s__Bacillus_A cereus_U, 95.0, 89.52, 0.645; GCF_040459645.1, s__Bacillus_A mycoides_C, 95.0, 89.5, 0.624; GCF_001757995.1, s__Bacillus_A mycoides_B, 95.0, 89.4, 0.597; GCF_015071065.1, s__Bacillus_A cereus_BA, 95.0, 89.13, 0.594; GCF_002975175.1, s__Bacillus_A sp002975175, 95.0, 89.1, 0.581; GCF_001884235.1, s__Bacillus_A paramycoides, 95.0, 88.95, 0.594; GCF_000746925.1, s__Bacillus_A clarus, 95.0, 85.98, 0.439; GCF_002551815.1, s__Bacillus_A sp002551815, 95.0, 84.03, 0.283; GCF_013314535.1, s__Bacillus_A sp013314535, 95.0, 83.48, 0.258; GCA_002561295.1, s__Bacillus_A cereus_S, 95.0, 83.44, 0.279; GCF_022811845.1, s__Bacillus_A cereus_AV, 95.0, 83.33, 0.252; GCA_037095095.1, s__Bacillus_A cereus_BF, 95.0, 83.24, 0.267; GCA_039549175.1, s__Bacillus_A sp039549175, 95.0, 83.14, 0.247; GCF_000161455.1, s__Bacillus_A pseudomycoides, 95.0, 83.09, 0.235; GCF_000017425.1, s__Bacillus_A cytotoxicus, 95.0, 83.0, 0.281; GCF_001590835.1, s__Bacillus_A gaemokensis, 95.0, 82.98, 0.256; GCF_017498775.1, s__Bacillus_A arachidis, 95.0, 82.98, 0.255; GCF_000299035.1, s__Bacillus_A bingmayongensis, 95.0, 82.87, 0.27; GCF_030292155.1, s__Bacillus_A sp030292155, 95.0, 82.81, 0.198; GCF_022663115.1, s__Bacillus_A cereus_BD, 95.0, 82.65, 0.269	90.43	11	N/A	N/A
HN00173995_MK3-11	d__Bacteria;p__Bacillota;c__Bacilli;o__Bacillales;f__Bacillaceae_H;g__Priestia;s__Priestia megaterium	GCF_000832985.1	95.0	d__Bacteria;p__Bacillota;c__Bacilli;o__Bacillales;f__Bacillaceae_H;g__Priestia;s__Priestia megaterium	95.55	0.839	GCF_000832985.1	95.0	d__Bacteria;p__Bacillota;c__Bacilli;o__Bacillales;f__Bacillaceae_H;g__Priestia;s__Priestia megaterium	95.55	0.839	d__Bacteria;p__Bacillota;c__Bacilli;o__Bacillales;f__Bacillaceae_H;g__Priestia;s__	taxonomic classification defined by topology and ANI	topological placement and ANI have congruent species assignments	GCF_009497655.1, s__Priestia zanthoxyli, 95.6, 95.53, 0.865; GCF_023824195.1, s__Priestia megaterium_D, 95.79, 95.29, 0.839; GCF_018615055.1, s__Priestia megaterium_C, 95.53, 95.1, 0.823; GCF_000956595.1, s__Priestia aryabhattai, 95.21, 95.02, 0.864; GCF_023715685.1, s__Priestia aryabhattai_B, 95.0, 93.83, 0.774	91.98	11	N/A	N/A
HN00173995_MK3-15	d__Bacteria;p__Bacillota;c__Bacilli;o__Bacillales_B;f__Bacillaceae_B;g__Rossellomorea;s__Rossellomorea marisflavi	GCF_001274775.1	95.0	d__Bacteria;p__Bacillota;c__Bacilli;o__Bacillales_B;f__Bacillaceae_B;g__Rossellomorea;s__Rossellomorea marisflavi	98.35	0.947	GCF_001274775.1	95.0	d__Bacteria;p__Bacillota;c__Bacilli;o__Bacillales_B;f__Bacillaceae_B;g__Rossellomorea;s__Rossellomorea marisflavi	98.35	0.947	d__Bacteria;p__Bacillota;c__Bacilli;o__Bacillales_B;f__Bacillaceae_B;g__Rossellomorea;s__	taxonomic classification defined by topology and ANI	topological placement and ANI have congruent species assignments	GCF_022170785.1, s__Rossellomorea marisflavi_B, 95.0, 94.87, 0.904; GCF_009806575.1, s__Rossellomorea marisflavi_A, 95.0, 93.5, 0.895	92.02	11	N/A	N/A
HN00173995_MK7-12	d__Bacteria;p__Actinomycetota;c__Actinomycetes;o__Actinomycetales;f__Micrococcaceae;g__Micrococcus;s__Micrococcus luteus	GCF_000023205.1	95.0	d__Bacteria;p__Actinomycetota;c__Actinomycetes;o__Actinomycetales;f__Micrococcaceae;g__Micrococcus;s__Micrococcus luteus	97.02	0.842	GCF_000023205.1	95.0	d__Bacteria;p__Actinomycetota;c__Actinomycetes;o__Actinomycetales;f__Micrococcaceae;g__Micrococcus;s__Micrococcus luteus	97.02	0.842	d__Bacteria;p__Actinomycetota;c__Actinomycetes;o__Actinomycetales;f__Micrococcaceae;g__Micrococcus;s__	taxonomic classification defined by topology and ANI	topological placement and ANI have congruent species assignments	GCF_014205115.1, s__Micrococcus endophyticus, 95.0, 89.92, 0.618; GCF_020097155.1, s__Micrococcus porci, 95.0, 86.7, 0.39; GCF_023155805.1, s__Micrococcus lacusdianchii, 95.0, 86.34, 0.376; GCF_039519235.1, s__Micrococcus sp023147585, 95.0, 85.43, 0.378; GCF_014204815.1, s__Micrococcus flavus, 95.0, 84.87, 0.352; GCA_946222435.1, s__Micrococcus sp946222435, 95.0, 84.62, 0.173; GCF_030523875.1, s__Micrococcus sp030523875, 95.0, 84.18, 0.308; GCF_034179925.1, s__Micrococcus sp034179925, 95.0, 82.31, 0.234; GCF_001570885.1, s__Micrococcus lylae, 95.0, 81.76, 0.183	98.01	11	N/A	N/A
HN00173995_MK7-50	d__Bacteria;p__Bacillota;c__Bacilli;o__Staphylococcales;f__Staphylococcaceae;g__Staphylococcus;s__Staphylococcus warneri_A	GCF_003491325.1	95.0	d__Bacteria;p__Bacillota;c__Bacilli;o__Staphylococcales;f__Staphylococcaceae;g__Staphylococcus;s__Staphylococcus warneri_A	98.97	0.935	GCF_003491325.1	95.0	d__Bacteria;p__Bacillota;c__Bacilli;o__Staphylococcales;f__Staphylococcaceae;g__Staphylococcus;s__Staphylococcus warneri_A	98.97	0.935	d__Bacteria;p__Bacillota;c__Bacilli;o__Staphylococcales;f__Staphylococcaceae;g__Staphylococcus;s__	taxonomic classification defined by topology and ANI	topological placement and ANI have congruent species assignments	GCF_900636385.1, s__Staphylococcus warneri, 95.0, 94.26, 0.917; GCF_003970495.1, s__Staphylococcus pasteuri, 95.0, 85.35, 0.508	97.66	11	N/A	N/A
HN00173995_T10-36	d__Bacteria;p__Actinomycetota;c__Actinomycetes;o__Actinomycetales;f__Micrococcaceae;g__Kocuria;s__Kocuria rhizophila_A	GCF_000010285.1	95.0	d__Bacteria;p__Actinomycetota;c__Actinomycetes;o__Actinomycetales;f__Micrococcaceae;g__Kocuria;s__Kocuria rhizophila_A	98.8	0.949	GCF_000010285.1	95.0	d__Bacteria;p__Actinomycetota;c__Actinomycetes;o__Actinomycetales;f__Micrococcaceae;g__Kocuria;s__Kocuria rhizophila_A	98.8	0.949	d__Bacteria;p__Actinomycetota;c__Actinomycetes;o__Actinomycetales;f__Micrococcaceae;g__Kocuria;s__	taxonomic classification defined by topology and ANI	topological placement and ANI have congruent species assignments	GCF_003667225.1, s__Kocuria rhizophila, 95.0, 90.35, 0.683; GCF_003226895.2, s__Kocuria tytonis, 95.0, 88.85, 0.602; GCF_003687455.1, s__Kocuria tytonicola, 95.0, 87.95, 0.525; GCF_030530945.1, s__Kocuria sp030530945, 95.0, 86.63, 0.484; GCF_006539885.1, s__Kocuria varians, 95.0, 86.62, 0.473; GCF_039532055.1, s__Kocuria salsicia, 95.0, 86.45, 0.459; GCF_014652975.1, s__Kocuria marina, 95.0, 85.17, 0.362; GCF_027658845.1, s__Kocuria marina_A, 95.07, 84.47, 0.38	96.33	11	N/A	N/A
HN00173995_T10-42	d__Bacteria;p__Bacillota;c__Bacilli;o__Lactobacillales;f__Lactobacillaceae;g__Pediococcus;s__Pediococcus acidilactici	GCF_000146325.1	95.0	d__Bacteria;p__Bacillota;c__Bacilli;o__Lactobacillales;f__Lactobacillaceae;g__Pediococcus;s__Pediococcus acidilactici	97.35	0.85	GCF_000146325.1	95.0	d__Bacteria;p__Bacillota;c__Bacilli;o__Lactobacillales;f__Lactobacillaceae;g__Pediococcus;s__Pediococcus acidilactici	97.35	0.85	d__Bacteria;p__Bacillota;c__Bacilli;o__Lactobacillales;f__Lactobacillaceae;g__Pediococcus;s__	taxonomic classification defined by topology and ANI	topological placement and ANI have congruent species assignments	GCA_024970065.1, s__Pediococcus acidilactici_A, 95.0, 90.99, 0.708	94.82	11	N/A	N/A
HN00175004_F3085	d__Bacteria;p__Bacillota;c__Bacilli;o__Bacillales;f__Bacillaceae;g__Bacillus;s__Bacillus altitudinis	GCF_000691145.1	95.0	d__Bacteria;p__Bacillota;c__Bacilli;o__Bacillales;f__Bacillaceae;g__Bacillus;s__Bacillus altitudinis	98.47	0.948	GCF_000691145.1	95.0	d__Bacteria;p__Bacillota;c__Bacilli;o__Bacillales;f__Bacillaceae;g__Bacillus;s__Bacillus altitudinis	98.47	0.948	d__Bacteria;p__Bacillota;c__Bacilli;o__Bacillales;f__Bacillaceae;g__Bacillus;s__	taxonomic classification defined by topology and ANI	topological placement and ANI have congruent species assignments	GCF_000300535.1, s__Bacillus xiamenensis, 95.0, 91.64, 0.834; GCF_024498355.1, s__Bacillus pumilus_P, 95.0, 90.88, 0.81; GCF_014764715.1, s__Bacillus sp014764715, 95.0, 90.61, 0.823; GCF_000715205.1, s__Bacillus zhangzhouensis, 95.0, 90.47, 0.827; GCF_038738535.1, s__Bacillus sp002998085, 95.0, 90.23, 0.826; GCF_000691165.1, s__Bacillus safensis, 95.0, 90.05, 0.798; GCF_002744245.1, s__Bacillus pumilus_M, 95.0, 89.94, 0.754; GCF_900186955.1, s__Bacillus pumilus, 95.45, 89.93, 0.797; GCF_003431975.1, s__Bacillus pumilus_N, 95.0, 89.8, 0.782; GCF_020524495.1, s__Bacillus stratosphericus_B, 95.0, 89.73, 0.692; GCF_001307105.1, s__Bacillus australimaris, 95.01, 89.68, 0.813; GCF_009937765.1, s__Bacillus pumilus_O, 95.0, 89.6, 0.771; GCA_025809375.1, s__Bacillus zhangzhouensis_A, 95.0, 89.55, 0.75; GCA_030159235.1, s__Bacillus safensis_B, 95.0, 89.51, 0.769; GCA_001938995.1, s__Bacillus pumilus_G, 95.0, 86.59, 0.618; GCF_040500475.1, s__Bacillus sp040500475, 95.0, 86.44, 0.567	96.8	11	N/A	N/A
HN00175004_F3276	d__Bacteria;p__Bacillota;c__Bacilli;o__Bacillales;f__Bacillaceae;g__Bacillus;s__Bacillus glycinifermentans	GCF_001042475.2	95.0	d__Bacteria;p__Bacillota;c__Bacilli;o__Bacillales;f__Bacillaceae;g__Bacillus;s__Bacillus glycinifermentans	99.39	0.961	GCF_001042475.2	95.0	d__Bacteria;p__Bacillota;c__Bacilli;o__Bacillales;f__Bacillaceae;g__Bacillus;s__Bacillus glycinifermentans	99.39	0.961	d__Bacteria;p__Bacillota;c__Bacilli;o__Bacillales;f__Bacillaceae;g__Bacillus;s__	taxonomic classification defined by topology and ANI	topological placement and ANI have congruent species assignments	GCF_001592005.1, s__Bacillus sonorensis, 95.0, 86.39, 0.602; GCF_001969815.1, s__Bacillus swezeyi, 95.0, 83.32, 0.377; GCF_029537375.1, s__Bacillus sonorensis_A, 95.0, 83.29, 0.35; GCF_000011645.1, s__Bacillus licheniformis, 95.0, 83.15, 0.359; GCF_001042485.2, s__Bacillus paralicheniformis, 95.0, 82.81, 0.345; GCF_001969855.1, s__Bacillus haynesii, 95.2, 82.53, 0.322	96.94	11	N/A	N/A
HN00175004_GS00019	d__Bacteria;p__Bacillota;c__Bacilli;o__Lactobacillales;f__Lactobacillaceae;g__Levilactobacillus;s__Levilactobacillus brevis	GCF_001433855.1	95.0	d__Bacteria;p__Bacillota;c__Bacilli;o__Lactobacillales;f__Lactobacillaceae;g__Levilactobacillus;s__Levilactobacillus brevis	97.18	0.878	GCF_001433855.1	95.0	d__Bacteria;p__Bacillota;c__Bacilli;o__Lactobacillales;f__Lactobacillaceae;g__Levilactobacillus;s__Levilactobacillus brevis	97.18	0.878	d__Bacteria;p__Bacillota;c__Bacilli;o__Lactobacillales;f__Lactobacillaceae;g__Levilactobacillus;s__	taxonomic classification defined by topology and ANI	topological placement and ANI have congruent species assignments	N/A	95.79	11	N/A	N/A
HN00175004_GS00024	d__Bacteria;p__Bacillota;c__Bacilli;o__Lactobacillales;f__Streptococcaceae;g__Lactococcus;s__Lactococcus lactis	GCF_029023865.1	95.0	d__Bacteria;p__Bacillota;c__Bacilli;o__Lactobacillales;f__Streptococcaceae;g__Lactococcus;s__Lactococcus lactis	97.79	0.845	GCF_029023865.1	95.0	d__Bacteria;p__Bacillota;c__Bacilli;o__Lactobacillales;f__Streptococcaceae;g__Lactococcus;s__Lactococcus lactis	97.79	0.845	d__Bacteria;p__Bacillota;c__Bacilli;o__Lactobacillales;f__Streptococcaceae;g__Lactococcus;s__	taxonomic classification defined by topology and ANI	topological placement and ANI have congruent species assignments	GCF_001591705.1, s__Lactococcus cremoris, 95.0, 87.99, 0.567; GCF_014905395.1, s__Lactococcus taiwanensis, 95.0, 86.12, 0.187	97.44	11	N/A	N/A
HN00175004_GS00026	d__Bacteria;p__Bacillota;c__Bacilli;o__Bacillales;f__Bacillaceae;g__Bacillus;s__Bacillus altitudinis	GCF_000691145.1	95.0	d__Bacteria;p__Bacillota;c__Bacilli;o__Bacillales;f__Bacillaceae;g__Bacillus;s__Bacillus altitudinis	98.49	0.951	GCF_000691145.1	95.0	d__Bacteria;p__Bacillota;c__Bacilli;o__Bacillales;f__Bacillaceae;g__Bacillus;s__Bacillus altitudinis	98.49	0.951	d__Bacteria;p__Bacillota;c__Bacilli;o__Bacillales;f__Bacillaceae;g__Bacillus;s__	taxonomic classification defined by topology and ANI	topological placement and ANI have congruent species assignments	GCF_000300535.1, s__Bacillus xiamenensis, 95.0, 91.58, 0.841; GCF_024498355.1, s__Bacillus pumilus_P, 95.0, 90.82, 0.81; GCF_014764715.1, s__Bacillus sp014764715, 95.0, 90.55, 0.815; GCF_000715205.1, s__Bacillus zhangzhouensis, 95.0, 90.47, 0.83; GCF_038738535.1, s__Bacillus sp002998085, 95.0, 90.19, 0.821; GCF_900186955.1, s__Bacillus pumilus, 95.45, 90.05, 0.802; GCF_002744245.1, s__Bacillus pumilus_M, 95.0, 90.04, 0.772; GCF_000691165.1, s__Bacillus safensis, 95.0, 90.02, 0.808; GCF_001307105.1, s__Bacillus australimaris, 95.01, 89.8, 0.821; GCF_020524495.1, s__Bacillus stratosphericus_B, 95.0, 89.79, 0.684; GCA_025809375.1, s__Bacillus zhangzhouensis_A, 95.0, 89.65, 0.764; GCF_003431975.1, s__Bacillus pumilus_N, 95.0, 89.62, 0.781; GCA_030159235.1, s__Bacillus safensis_B, 95.0, 89.55, 0.79; GCF_009937765.1, s__Bacillus pumilus_O, 95.0, 89.45, 0.778; GCA_001938995.1, s__Bacillus pumilus_G, 95.0, 86.61, 0.617; GCF_040500475.1, s__Bacillus sp040500475, 95.0, 86.6, 0.579	96.88	11	N/A	N/A
HN00175004_MK2-49	d__Bacteria;p__Pseudomonadota;c__Gammaproteobacteria;o__Enterobacterales;f__Enterobacteriaceae;g__Proteus;s__Proteus mirabilis	GCF_000160755.1	95.0	d__Bacteria;p__Pseudomonadota;c__Gammaproteobacteria;o__Enterobacterales;f__Enterobacteriaceae;g__Proteus;s__Proteus mirabilis	98.9	0.872	GCF_000160755.1	95.0	d__Bacteria;p__Pseudomonadota;c__Gammaproteobacteria;o__Enterobacterales;f__Enterobacteriaceae;g__Proteus;s__Proteus mirabilis	98.9	0.872	d__Bacteria;p__Pseudomonadota;c__Gammaproteobacteria;o__Enterobacterales;f__Enterobacteriaceae;g__Proteus;s__	taxonomic classification defined by topology and ANI	topological placement and ANI have congruent species assignments	GCF_016647575.1, s__Proteus mirabilis_B, 95.22, 84.67, 0.425; GCF_033708015.1, s__Proteus sp001722135, 95.0, 84.61, 0.424; GCF_011046025.1, s__Proteus sp011046025, 95.77, 84.54, 0.424; GCF_011045835.1, s__Proteus cibarius, 96.33, 84.52, 0.427; GCF_030271835.1, s__Proteus appendicitidis, 95.0, 84.51, 0.441; GCF_002777965.1, s__Proteus columbae, 95.0, 84.49, 0.436; GCF_003144535.1, s__Proteus penneri, 95.0, 84.48, 0.459; GCF_009914335.1, s__Proteus sp003144505, 95.0, 84.46, 0.426; GCF_003144405.1, s__Proteus cibi, 95.0, 84.34, 0.43; GCF_011045815.1, s__Proteus vulgaris_B, 95.0, 84.32, 0.414; GCF_016239305.1, s__Proteus vulgaris_C, 95.0, 84.25, 0.412; GCF_023100685.1, s__Proteus sp003144375, 95.0, 84.21, 0.42; GCF_003144395.1, s__Proteus faecis, 95.0, 84.13, 0.441; GCF_003144325.1, s__Proteus terrae, 95.0, 84.1, 0.433; GCA_901472505.1, s__Proteus vulgaris, 95.0, 84.1, 0.41; GCF_002607735.1, s__Proteus alimentorum, 95.0, 84.03, 0.422; GCF_014897315.1, s__Proteus sp014897315, 95.0, 83.98, 0.396; GCF_040139125.1, s__Proteus hauseri_B, 95.0, 83.41, 0.36; GCF_001654965.1, s__Proteus hauseri, 95.0, 83.28, 0.386; GCF_001654855.1, s__Proteus myxofaciens, 95.0, 82.66, 0.297	96.98	11	N/A	N/A
HN00175486_F1015	d__Bacteria;p__Bacillota;c__Bacilli;o__Staphylococcales;f__Staphylococcaceae;g__Staphylococcus;s__Staphylococcus gallinarum	GCF_000875895.1	95.0	d__Bacteria;p__Bacillota;c__Bacilli;o__Staphylococcales;f__Staphylococcaceae;g__Staphylococcus;s__Staphylococcus gallinarum	98.51	0.884	GCF_000875895.1	95.0	d__Bacteria;p__Bacillota;c__Bacilli;o__Staphylococcales;f__Staphylococcaceae;g__Staphylococcus;s__Staphylococcus gallinarum	98.51	0.884	d__Bacteria;p__Bacillota;c__Bacilli;o__Staphylococcales;f__Staphylococcaceae;g__Staphylococcus;s__	taxonomic classification defined by topology and ANI	topological placement and ANI have congruent species assignments	GCF_022346615.1, s__Staphylococcus sp022346615, 95.0, 85.65, 0.496; GCF_029024945.1, s__Staphylococcus succinus, 95.0, 80.79, 0.184	97.86	11	N/A	N/A
HN00175486_F1049	d__Bacteria;p__Bacillota;c__Bacilli;o__Staphylococcales;f__Staphylococcaceae;g__Mammaliicoccus;s__Mammaliicoccus vitulinus	GCF_029024305.1	95.0	d__Bacteria;p__Bacillota;c__Bacilli;o__Staphylococcales;f__Staphylococcaceae;g__Mammaliicoccus;s__Mammaliicoccus vitulinus	99.2	0.933	GCF_029024305.1	95.0	d__Bacteria;p__Bacillota;c__Bacilli;o__Staphylococcales;f__Staphylococcaceae;g__Mammaliicoccus;s__Mammaliicoccus vitulinus	99.2	0.933	d__Bacteria;p__Bacillota;c__Bacilli;o__Staphylococcales;f__Staphylococcaceae;g__Mammaliicoccus;s__	taxonomic classification defined by topology and ANI	topological placement and ANI have congruent species assignments	GCF_003970575.1, s__Mammaliicoccus fleurettii, 95.0, 87.94, 0.615; GCF_025561425.1, s__Mammaliicoccus sciuri_A, 95.08, 84.7, 0.43; GCF_002901825.1, s__Mammaliicoccus sciuri, 95.0, 84.1, 0.444; GCF_946151045.1, s__Mammaliicoccus sp946151045, 95.0, 83.09, 0.321; GCF_034039665.1, s__Mammaliicoccus sp034039665, 95.0, 82.74, 0.322; GCF_002902755.1, s__Mammaliicoccus lentus, 95.0, 82.1, 0.294; GCF_002902525.1, s__Mammaliicoccus stepanovicii, 95.0, 81.16, 0.239	97.74	11	N/A	N/A
HN00175486_F1319	d__Bacteria;p__Bacillota;c__Bacilli;o__Bacillales;f__Bacillaceae;g__Bacillus;s__Bacillus subtilis	GCF_000009045.1	95.0	d__Bacteria;p__Bacillota;c__Bacilli;o__Bacillales;f__Bacillaceae;g__Bacillus;s__Bacillus subtilis	98.07	0.873	GCF_000009045.1	95.0	d__Bacteria;p__Bacillota;c__Bacilli;o__Bacillales;f__Bacillaceae;g__Bacillus;s__Bacillus subtilis	98.07	0.873	d__Bacteria;p__Bacillota;c__Bacilli;o__Bacillales;f__Bacillaceae;g__Bacillus;s__	taxonomic classification defined by topology and ANI	topological placement and ANI have congruent species assignments	GCF_000738015.1, s__Bacillus stercoris, 95.0, 94.68, 0.84; GCF_031316495.1, s__Bacillus spizizenii, 95.0, 92.08, 0.807; GCF_004124315.2, s__Bacillus cabrialesii, 95.0, 92.0, 0.809; GCF_000332645.1, s__Bacillus inaquosorum, 95.0, 92.0, 0.793; GCA_026790065.1, s__Bacillus sp026790065, 95.0, 91.81, 0.824; GCF_011745685.2, s__Bacillus rugosus, 95.0, 91.81, 0.803; GCF_031317525.1, s__Bacillus tequilensis, 95.0, 91.11, 0.773; GCF_040784915.1, s__Bacillus subtilis_G, 95.0, 91.09, 0.77; GCF_004116955.1, s__Bacillus vallismortis, 95.0, 90.79, 0.756; GCA_020223575.2, s__Bacillus mexicanus, 95.0, 90.23, 0.745; GCF_001517105.1, s__Bacillus halotolerans, 95.0, 88.26, 0.694; GCF_031316635.1, s__Bacillus mojavensis, 95.47, 87.92, 0.704; GCF_000196735.1, s__Bacillus amyloliquefaciens, 95.0, 81.43, 0.184; GCF_001584335.1, s__Bacillus atrophaeus, 95.0, 81.41, 0.241; GCF_000262045.1, s__Bacillus siamensis, 95.0, 80.73, 0.185; GCF_001461825.1, s__Bacillus velezensis, 95.0, 80.65, 0.168; GCF_018613535.1, s__Bacillus sp018613535, 95.0, 80.56, 0.195; GCF_001584325.1, s__Bacillus nakamurai, 95.0, 80.39, 0.184	97.02	11	N/A	N/A
HN00175486_F1320	d__Bacteria;p__Bacillota;c__Bacilli;o__Bacillales;f__Bacillaceae;g__Bacillus;s__Bacillus subtilis	GCF_000009045.1	95.0	d__Bacteria;p__Bacillota;c__Bacilli;o__Bacillales;f__Bacillaceae;g__Bacillus;s__Bacillus subtilis	98.18	0.907	GCF_000009045.1	95.0	d__Bacteria;p__Bacillota;c__Bacilli;o__Bacillales;f__Bacillaceae;g__Bacillus;s__Bacillus subtilis	98.18	0.907	d__Bacteria;p__Bacillota;c__Bacilli;o__Bacillales;f__Bacillaceae;g__Bacillus;s__	taxonomic classification defined by topology and ANI	topological placement and ANI have congruent species assignments	GCF_000738015.1, s__Bacillus stercoris, 95.0, 94.89, 0.866; GCF_000332645.1, s__Bacillus inaquosorum, 95.0, 92.34, 0.807; GCF_004124315.2, s__Bacillus cabrialesii, 95.0, 92.2, 0.842; GCA_026790065.1, s__Bacillus sp026790065, 95.0, 92.05, 0.854; GCF_031316495.1, s__Bacillus spizizenii, 95.0, 92.05, 0.827; GCF_011745685.2, s__Bacillus rugosus, 95.0, 92.05, 0.815; GCF_040784915.1, s__Bacillus subtilis_G, 95.0, 91.53, 0.777; GCF_031317525.1, s__Bacillus tequilensis, 95.0, 91.34, 0.798; GCF_004116955.1, s__Bacillus vallismortis, 95.0, 90.79, 0.759; GCA_020223575.2, s__Bacillus mexicanus, 95.0, 90.33, 0.763; GCF_001517105.1, s__Bacillus halotolerans, 95.0, 88.58, 0.72; GCF_031316635.1, s__Bacillus mojavensis, 95.47, 88.01, 0.737; GCF_001584335.1, s__Bacillus atrophaeus, 95.0, 81.66, 0.249; GCF_000196735.1, s__Bacillus amyloliquefaciens, 95.0, 81.55, 0.181; GCF_018613535.1, s__Bacillus sp018613535, 95.0, 80.82, 0.199; GCF_000262045.1, s__Bacillus siamensis, 95.0, 80.71, 0.19; GCF_001461825.1, s__Bacillus velezensis, 95.0, 80.69, 0.175; GCF_001584325.1, s__Bacillus nakamurai, 95.0, 80.43, 0.188	96.11	11	N/A	N/A
HN00175486_F1321	d__Bacteria;p__Bacillota;c__Bacilli;o__Bacillales;f__Bacillaceae;g__Bacillus;s__Bacillus subtilis	GCF_000009045.1	95.0	d__Bacteria;p__Bacillota;c__Bacilli;o__Bacillales;f__Bacillaceae;g__Bacillus;s__Bacillus subtilis	98.27	0.86	GCF_000009045.1	95.0	d__Bacteria;p__Bacillota;c__Bacilli;o__Bacillales;f__Bacillaceae;g__Bacillus;s__Bacillus subtilis	98.27	0.86	d__Bacteria;p__Bacillota;c__Bacilli;o__Bacillales;f__Bacillaceae;g__Bacillus;s__	taxonomic classification defined by topology and ANI	topological placement and ANI have congruent species assignments	GCF_000738015.1, s__Bacillus stercoris, 95.0, 94.78, 0.841; GCF_004124315.2, s__Bacillus cabrialesii, 95.0, 92.31, 0.809; GCF_000332645.1, s__Bacillus inaquosorum, 95.0, 92.15, 0.798; GCF_031316495.1, s__Bacillus spizizenii, 95.0, 92.04, 0.807; GCA_026790065.1, s__Bacillus sp026790065, 95.0, 91.88, 0.826; GCF_011745685.2, s__Bacillus rugosus, 95.0, 91.83, 0.806; GCF_040784915.1, s__Bacillus subtilis_G, 95.0, 91.57, 0.767; GCF_031317525.1, s__Bacillus tequilensis, 95.0, 91.09, 0.775; GCF_004116955.1, s__Bacillus vallismortis, 95.0, 90.79, 0.764; GCA_020223575.2, s__Bacillus mexicanus, 95.0, 90.08, 0.752; GCF_001517105.1, s__Bacillus halotolerans, 95.0, 88.24, 0.684; GCF_031316635.1, s__Bacillus mojavensis, 95.47, 87.79, 0.698; GCF_000196735.1, s__Bacillus amyloliquefaciens, 95.0, 81.34, 0.18; GCF_001584335.1, s__Bacillus atrophaeus, 95.0, 81.31, 0.239; GCF_000262045.1, s__Bacillus siamensis, 95.0, 81.02, 0.178; GCF_018613535.1, s__Bacillus sp018613535, 95.0, 80.87, 0.191; GCF_001461825.1, s__Bacillus velezensis, 95.0, 80.57, 0.175; GCF_001584325.1, s__Bacillus nakamurai, 95.0, 80.42, 0.189	97.02	11	N/A	N/A
HN00175486_F1331	d__Bacteria;p__Bacillota;c__Bacilli;o__Bacillales;f__Bacillaceae;g__Bacillus;s__Bacillus velezensis	GCF_001461825.1	95.0	d__Bacteria;p__Bacillota;c__Bacilli;o__Bacillales;f__Bacillaceae;g__Bacillus;s__Bacillus velezensis	98.12	0.92	GCF_001461825.1	95.0	d__Bacteria;p__Bacillota;c__Bacilli;o__Bacillales;f__Bacillaceae;g__Bacillus;s__Bacillus velezensis	98.12	0.92	d__Bacteria;p__Bacillota;c__Bacilli;o__Bacillales;f__Bacillaceae;g__Bacillus;s__	taxonomic classification defined by topology and ANI	topological placement and ANI have congruent species assignments	GCF_000262045.1, s__Bacillus siamensis, 95.0, 94.18, 0.92; GCF_000196735.1, s__Bacillus amyloliquefaciens, 95.0, 93.88, 0.854; GCF_001584325.1, s__Bacillus nakamurai, 95.0, 87.7, 0.696; GCF_018613535.1, s__Bacillus sp018613535, 95.0, 87.48, 0.698; GCF_004124315.2, s__Bacillus cabrialesii, 95.0, 81.32, 0.2; GCF_040784915.1, s__Bacillus subtilis_G, 95.0, 81.19, 0.186; GCF_000009045.1, s__Bacillus subtilis, 95.0, 81.16, 0.186; GCF_001517105.1, s__Bacillus halotolerans, 95.0, 81.04, 0.211; GCF_031317525.1, s__Bacillus tequilensis, 95.0, 80.95, 0.196; GCF_004116955.1, s__Bacillus vallismortis, 95.0, 80.62, 0.178; GCF_000332645.1, s__Bacillus inaquosorum, 95.0, 80.59, 0.197; GCF_031316635.1, s__Bacillus mojavensis, 95.47, 80.55, 0.197; GCF_000738015.1, s__Bacillus stercoris, 95.0, 80.55, 0.176; GCF_011745685.2, s__Bacillus rugosus, 95.0, 80.54, 0.167; GCF_031316495.1, s__Bacillus spizizenii, 95.0, 80.53, 0.18; GCA_020223575.2, s__Bacillus mexicanus, 95.0, 80.49, 0.176; GCA_026790065.1, s__Bacillus sp026790065, 95.0, 80.42, 0.181; GCF_001584335.1, s__Bacillus atrophaeus, 95.0, 79.88, 0.169	95.93	11	N/A	N/A
HN00175486_F1340	d__Bacteria;p__Bacillota;c__Bacilli;o__Bacillales;f__Bacillaceae;g__Bacillus;s__Bacillus subtilis	GCF_000009045.1	95.0	d__Bacteria;p__Bacillota;c__Bacilli;o__Bacillales;f__Bacillaceae;g__Bacillus;s__Bacillus subtilis	98.15	0.86	GCF_000009045.1	95.0	d__Bacteria;p__Bacillota;c__Bacilli;o__Bacillales;f__Bacillaceae;g__Bacillus;s__Bacillus subtilis	98.15	0.86	d__Bacteria;p__Bacillota;c__Bacilli;o__Bacillales;f__Bacillaceae;g__Bacillus;s__	taxonomic classification defined by topology and ANI	topological placement and ANI have congruent species assignments	GCF_000738015.1, s__Bacillus stercoris, 95.0, 94.78, 0.834; GCF_000332645.1, s__Bacillus inaquosorum, 95.0, 92.21, 0.793; GCF_004124315.2, s__Bacillus cabrialesii, 95.0, 92.2, 0.802; GCF_031316495.1, s__Bacillus spizizenii, 95.0, 92.04, 0.804; GCF_011745685.2, s__Bacillus rugosus, 95.0, 91.9, 0.805; GCA_026790065.1, s__Bacillus sp026790065, 95.0, 91.89, 0.82; GCF_040784915.1, s__Bacillus subtilis_G, 95.0, 91.34, 0.765; GCF_031317525.1, s__Bacillus tequilensis, 95.0, 91.11, 0.764; GCF_004116955.1, s__Bacillus vallismortis, 95.0, 90.79, 0.753; GCA_020223575.2, s__Bacillus mexicanus, 95.0, 90.23, 0.745; GCF_001517105.1, s__Bacillus halotolerans, 95.0, 88.12, 0.682; GCF_031316635.1, s__Bacillus mojavensis, 95.47, 87.8, 0.69; GCF_001584335.1, s__Bacillus atrophaeus, 95.0, 81.29, 0.24; GCF_000196735.1, s__Bacillus amyloliquefaciens, 95.0, 81.28, 0.179; GCF_000262045.1, s__Bacillus siamensis, 95.0, 80.86, 0.177; GCF_001461825.1, s__Bacillus velezensis, 95.0, 80.64, 0.174; GCF_018613535.1, s__Bacillus sp018613535, 95.0, 80.54, 0.189; GCF_001584325.1, s__Bacillus nakamurai, 95.0, 80.39, 0.184	96.19	11	N/A	N/A
HN00175486_F3127	d__Bacteria;p__Bacillota;c__Bacilli;o__Staphylococcales;f__Staphylococcaceae;g__Staphylococcus;s__Staphylococcus pseudoxylosus	GCF_003697915.1	95.0	d__Bacteria;p__Bacillota;c__Bacilli;o__Staphylococcales;f__Staphylococcaceae;g__Staphylococcus;s__Staphylococcus pseudoxylosus	99.32	0.957	GCF_003697915.1	95.0	d__Bacteria;p__Bacillota;c__Bacilli;o__Staphylococcales;f__Staphylococcaceae;g__Staphylococcus;s__Staphylococcus pseudoxylosus	99.32	0.957	d__Bacteria;p__Bacillota;c__Bacilli;o__Staphylococcales;f__Staphylococcaceae;g__Staphylococcus;s__	taxonomic classification defined by topology and ANI	topological placement and ANI have congruent species assignments	GCF_033597815.2, s__Staphylococcus xylosus_B, 95.0, 94.5, 0.89; GCF_002732165.1, s__Staphylococcus xylosus, 95.0, 93.71, 0.923; GCF_017583065.1, s__Staphylococcus shinii, 95.0, 91.89, 0.854; GCF_000010125.1, s__Staphylococcus saprophyticus, 95.0, 82.51, 0.282; GCA_013391405.1, s__Staphylococcus sp013391405, 95.0, 81.99, 0.259; GCF_002614725.1, s__Staphylococcus edaphicus, 95.0, 81.93, 0.261; GCF_900097965.1, s__Staphylococcus caeli, 95.0, 81.85, 0.201; GCA_039234925.1, s__Staphylococcus equorum_A, 95.0, 81.56, 0.218; GCF_029024945.1, s__Staphylococcus succinus, 95.0, 81.44, 0.203; GCF_001431205.1, s__Staphylococcus sp001431205, 95.0, 81.42, 0.232; GCF_029024965.1, s__Staphylococcus equorum, 95.0, 81.36, 0.223; GCA_040062795.1, s__Staphylococcus aureus_A, 95.0, 81.11, 0.184; GCF_029531845.1, s__Staphylococcus equorum_C, 95.0, 80.9, 0.223; GCF_002902365.1, s__Staphylococcus cohnii, 95.0, 80.63, 0.163; GCF_014635045.1, s__Staphylococcus nepalensis, 95.0, 80.16, 0.153	97.82	11	N/A	N/A
HN00175486_F3142	d__Bacteria;p__Bacillota;c__Bacilli;o__Bacillales;f__Bacillaceae;g__Bacillus;s__Bacillus pumilus	GCF_900186955.1	95.45	d__Bacteria;p__Bacillota;c__Bacilli;o__Bacillales;f__Bacillaceae;g__Bacillus;s__Bacillus pumilus	98.58	0.941	GCF_900186955.1	95.45	d__Bacteria;p__Bacillota;c__Bacilli;o__Bacillales;f__Bacillaceae;g__Bacillus;s__Bacillus pumilus	98.58	0.941	d__Bacteria;p__Bacillota;c__Bacilli;o__Bacillales;f__Bacillaceae;g__Bacillus;s__	taxonomic classification defined by topology and ANI	topological placement and ANI have congruent species assignments	GCF_038738535.1, s__Bacillus sp002998085, 95.0, 95.21, 0.934; GCF_009937765.1, s__Bacillus pumilus_O, 95.0, 95.02, 0.897; GCF_003431975.1, s__Bacillus pumilus_N, 95.0, 93.13, 0.882; GCF_000691165.1, s__Bacillus safensis, 95.0, 91.6, 0.855; GCF_001307105.1, s__Bacillus australimaris, 95.01, 91.48, 0.871; GCA_025809375.1, s__Bacillus zhangzhouensis_A, 95.0, 91.18, 0.825; GCF_000715205.1, s__Bacillus zhangzhouensis, 95.0, 91.14, 0.847; GCA_030159235.1, s__Bacillus safensis_B, 95.0, 91.02, 0.865; GCF_014764715.1, s__Bacillus sp014764715, 95.0, 91.0, 0.823; GCF_024498355.1, s__Bacillus pumilus_P, 95.0, 90.98, 0.835; GCF_002744245.1, s__Bacillus pumilus_M, 95.0, 89.9, 0.77; GCF_000691145.1, s__Bacillus altitudinis, 95.0, 89.84, 0.802; GCF_000300535.1, s__Bacillus xiamenensis, 95.0, 89.65, 0.763; GCF_020524495.1, s__Bacillus stratosphericus_B, 95.0, 89.47, 0.686; GCA_001938995.1, s__Bacillus pumilus_G, 95.0, 86.52, 0.617; GCF_040500475.1, s__Bacillus sp040500475, 95.0, 86.38, 0.57	96.94	11	N/A	N/A
HN00175486_F3161	d__Bacteria;p__Bacillota;c__Bacilli;o__Bacillales;f__Bacillaceae;g__Bacillus;s__Bacillus subtilis	GCF_000009045.1	95.0	d__Bacteria;p__Bacillota;c__Bacilli;o__Bacillales;f__Bacillaceae;g__Bacillus;s__Bacillus subtilis	98.47	0.923	GCF_000009045.1	95.0	d__Bacteria;p__Bacillota;c__Bacilli;o__Bacillales;f__Bacillaceae;g__Bacillus;s__Bacillus subtilis	98.47	0.923	d__Bacteria;p__Bacillota;c__Bacilli;o__Bacillales;f__Bacillaceae;g__Bacillus;s__	taxonomic classification defined by topology and ANI	topological placement and ANI have congruent species assignments	GCF_000738015.1, s__Bacillus stercoris, 95.0, 94.62, 0.881; GCF_000332645.1, s__Bacillus inaquosorum, 95.0, 92.67, 0.861; GCF_031316495.1, s__Bacillus spizizenii, 95.0, 92.45, 0.845; GCA_026790065.1, s__Bacillus sp026790065, 95.0, 92.19, 0.857; GCF_004124315.2, s__Bacillus cabrialesii, 95.0, 92.19, 0.856; GCF_011745685.2, s__Bacillus rugosus, 95.0, 91.84, 0.855; GCF_040784915.1, s__Bacillus subtilis_G, 95.0, 91.53, 0.821; GCF_031317525.1, s__Bacillus tequilensis, 95.0, 91.5, 0.795; GCF_004116955.1, s__Bacillus vallismortis, 95.0, 90.96, 0.791; GCA_020223575.2, s__Bacillus mexicanus, 95.0, 90.34, 0.765; GCF_001517105.1, s__Bacillus halotolerans, 95.0, 88.43, 0.733; GCF_031316635.1, s__Bacillus mojavensis, 95.47, 88.21, 0.739; GCF_001584335.1, s__Bacillus atrophaeus, 95.0, 81.65, 0.268; GCF_000262045.1, s__Bacillus siamensis, 95.0, 81.03, 0.187; GCF_000196735.1, s__Bacillus amyloliquefaciens, 95.0, 80.93, 0.184; GCF_018613535.1, s__Bacillus sp018613535, 95.0, 80.8, 0.194; GCF_001461825.1, s__Bacillus velezensis, 95.0, 80.77, 0.181; GCF_001584325.1, s__Bacillus nakamurai, 95.0, 80.56, 0.185	96.84	11	N/A	N/A
HN00175486_F3168	d__Bacteria;p__Bacillota;c__Bacilli;o__Bacillales;f__Bacillaceae;g__Bacillus;s__Bacillus paralicheniformis	GCF_001042485.2	95.0	d__Bacteria;p__Bacillota;c__Bacilli;o__Bacillales;f__Bacillaceae;g__Bacillus;s__Bacillus paralicheniformis	98.86	0.929	GCF_001042485.2	95.0	d__Bacteria;p__Bacillota;c__Bacilli;o__Bacillales;f__Bacillaceae;g__Bacillus;s__Bacillus paralicheniformis	98.86	0.929	d__Bacteria;p__Bacillota;c__Bacilli;o__Bacillales;f__Bacillaceae;g__Bacillus;s__	taxonomic classification defined by topology and ANI	topological placement and ANI have congruent species assignments	GCF_001969855.1, s__Bacillus haynesii, 95.2, 94.87, 0.9; GCF_000011645.1, s__Bacillus licheniformis, 95.0, 94.43, 0.914; GCF_029537375.1, s__Bacillus sonorensis_A, 95.0, 84.55, 0.436; GCF_001969815.1, s__Bacillus swezeyi, 95.0, 84.49, 0.46; GCF_001592005.1, s__Bacillus sonorensis, 95.0, 83.55, 0.375; GCF_001042475.2, s__Bacillus glycinifermentans, 95.0, 83.2, 0.324	96.94	11	N/A	N/A
HN00175486_F3177	d__Bacteria;p__Bacillota;c__Bacilli;o__Staphylococcales;f__Staphylococcaceae;g__Staphylococcus;s__Staphylococcus ureilyticus	GCF_002902235.1	95.0	d__Bacteria;p__Bacillota;c__Bacilli;o__Staphylococcales;f__Staphylococcaceae;g__Staphylococcus;s__Staphylococcus ureilyticus	98.83	0.918	GCF_002902235.1	95.0	d__Bacteria;p__Bacillota;c__Bacilli;o__Staphylococcales;f__Staphylococcaceae;g__Staphylococcus;s__Staphylococcus ureilyticus	98.83	0.918	d__Bacteria;p__Bacillota;c__Bacilli;o__Staphylococcales;f__Staphylococcaceae;g__Staphylococcus;s__	taxonomic classification defined by topology and ANI	topological placement and ANI have congruent species assignments	GCF_002902365.1, s__Staphylococcus cohnii, 95.0, 92.26, 0.847; GCF_014635045.1, s__Staphylococcus nepalensis, 95.0, 83.16, 0.399; GCA_039234925.1, s__Staphylococcus equorum_A, 95.0, 81.31, 0.176; GCF_029024965.1, s__Staphylococcus equorum, 95.0, 81.13, 0.173; GCF_000010125.1, s__Staphylococcus saprophyticus, 95.0, 80.78, 0.174; GCF_001431205.1, s__Staphylococcus sp001431205, 95.0, 80.77, 0.161; GCF_029531845.1, s__Staphylococcus equorum_C, 95.0, 80.5, 0.156; GCF_033597815.2, s__Staphylococcus xylosus_B, 95.0, 80.47, 0.161; GCF_003697915.1, s__Staphylococcus pseudoxylosus, 95.0, 80.41, 0.15; GCA_040062795.1, s__Staphylococcus aureus_A, 95.0, 80.31, 0.156; GCA_013391405.1, s__Staphylococcus sp013391405, 95.0, 80.14, 0.155; GCF_002614725.1, s__Staphylococcus edaphicus, 95.0, 80.12, 0.151; GCF_017583065.1, s__Staphylococcus shinii, 95.0, 80.02, 0.155	97.82	11	N/A	N/A
HN00175486_F3230	d__Bacteria;p__Bacillota;c__Bacilli;o__Bacillales;f__Bacillaceae;g__Bacillus;s__Bacillus altitudinis	GCF_000691145.1	95.0	d__Bacteria;p__Bacillota;c__Bacilli;o__Bacillales;f__Bacillaceae;g__Bacillus;s__Bacillus altitudinis	98.23	0.934	GCF_000691145.1	95.0	d__Bacteria;p__Bacillota;c__Bacilli;o__Bacillales;f__Bacillaceae;g__Bacillus;s__Bacillus altitudinis	98.23	0.934	d__Bacteria;p__Bacillota;c__Bacilli;o__Bacillales;f__Bacillaceae;g__Bacillus;s__	taxonomic classification defined by topology and ANI	topological placement and ANI have congruent species assignments	GCF_000300535.1, s__Bacillus xiamenensis, 95.0, 91.73, 0.839; GCF_024498355.1, s__Bacillus pumilus_P, 95.0, 90.96, 0.825; GCF_014764715.1, s__Bacillus sp014764715, 95.0, 90.78, 0.817; GCF_000715205.1, s__Bacillus zhangzhouensis, 95.0, 90.67, 0.832; GCF_038738535.1, s__Bacillus sp002998085, 95.0, 90.32, 0.825; GCF_002744245.1, s__Bacillus pumilus_M, 95.0, 90.23, 0.744; GCF_000691165.1, s__Bacillus safensis, 95.0, 90.02, 0.815; GCF_900186955.1, s__Bacillus pumilus, 95.45, 89.99, 0.794; GCF_001307105.1, s__Bacillus australimaris, 95.01, 89.92, 0.832; GCF_020524495.1, s__Bacillus stratosphericus_B, 95.0, 89.91, 0.69; GCA_030159235.1, s__Bacillus safensis_B, 95.0, 89.74, 0.776; GCA_025809375.1, s__Bacillus zhangzhouensis_A, 95.0, 89.7, 0.771; GCF_003431975.1, s__Bacillus pumilus_N, 95.0, 89.64, 0.753; GCF_009937765.1, s__Bacillus pumilus_O, 95.0, 89.6, 0.774; GCA_001938995.1, s__Bacillus pumilus_G, 95.0, 86.81, 0.65; GCF_040500475.1, s__Bacillus sp040500475, 95.0, 86.33, 0.573	96.84	11	N/A	N/A
HN00175486_F3232	d__Bacteria;p__Bacillota;c__Bacilli;o__Lactobacillales;f__Enterococcaceae;g__Enterococcus_B;s__Enterococcus_B lactis	GCF_015751045.1	95.0	d__Bacteria;p__Bacillota;c__Bacilli;o__Lactobacillales;f__Enterococcaceae;g__Enterococcus_B;s__Enterococcus_B lactis	98.27	0.86	GCF_015751045.1	95.0	d__Bacteria;p__Bacillota;c__Bacilli;o__Lactobacillales;f__Enterococcaceae;g__Enterococcus_B;s__Enterococcus_B lactis	98.27	0.86	d__Bacteria;p__Bacillota;c__Bacilli;o__Lactobacillales;f__Enterococcaceae;g__Enterococcus_B;s__	taxonomic classification defined by topology and ANI	topological placement and ANI have congruent species assignments	GCF_029023785.1, s__Enterococcus_B faecium, 95.0, 94.73, 0.841; GCF_011038845.1, s__Enterococcus_B sp011038845, 95.0, 81.45, 0.163	96.82	11	N/A	N/A
HN00175486_GS00022	d__Bacteria;p__Bacillota;c__Bacilli;o__Bacillales;f__Bacillaceae;g__Bacillus;s__Bacillus safensis	GCF_000691165.1	95.0	d__Bacteria;p__Bacillota;c__Bacilli;o__Bacillales;f__Bacillaceae;g__Bacillus;s__Bacillus safensis	97.41	0.918	GCF_000691165.1	95.0	d__Bacteria;p__Bacillota;c__Bacilli;o__Bacillales;f__Bacillaceae;g__Bacillus;s__Bacillus safensis	97.41	0.918	d__Bacteria;p__Bacillota;c__Bacilli;o__Bacillales;f__Bacillaceae;g__Bacillus;s__	taxonomic classification defined by topology and ANI	topological placement and ANI have congruent species assignments	GCA_025809375.1, s__Bacillus zhangzhouensis_A, 95.0, 95.19, 0.893; GCF_001307105.1, s__Bacillus australimaris, 95.01, 93.21, 0.9; GCA_030159235.1, s__Bacillus safensis_B, 95.0, 92.98, 0.887; GCF_038738535.1, s__Bacillus sp002998085, 95.0, 92.44, 0.903; GCF_900186955.1, s__Bacillus pumilus, 95.45, 91.63, 0.87; GCF_014764715.1, s__Bacillus sp014764715, 95.0, 91.42, 0.831; GCF_003431975.1, s__Bacillus pumilus_N, 95.0, 91.02, 0.848; GCF_009937765.1, s__Bacillus pumilus_O, 95.0, 90.98, 0.843; GCF_024498355.1, s__Bacillus pumilus_P, 95.0, 90.96, 0.84; GCF_000715205.1, s__Bacillus zhangzhouensis, 95.0, 90.91, 0.842; GCF_002744245.1, s__Bacillus pumilus_M, 95.0, 90.11, 0.779; GCF_000691145.1, s__Bacillus altitudinis, 95.0, 90.02, 0.814; GCF_000300535.1, s__Bacillus xiamenensis, 95.0, 89.89, 0.769; GCF_020524495.1, s__Bacillus stratosphericus_B, 95.0, 89.82, 0.689; GCA_001938995.1, s__Bacillus pumilus_G, 95.0, 86.8, 0.633; GCF_040500475.1, s__Bacillus sp040500475, 95.0, 86.65, 0.587	96.07	11	N/A	N/A
HN00175796_F3300	d__Bacteria;p__Bacillota;c__Bacilli;o__Bacillales;f__Bacillaceae;g__Bacillus;s__Bacillus velezensis	GCF_001461825.1	95.0	d__Bacteria;p__Bacillota;c__Bacilli;o__Bacillales;f__Bacillaceae;g__Bacillus;s__Bacillus velezensis	97.61	0.945	GCF_001461825.1	95.0	d__Bacteria;p__Bacillota;c__Bacilli;o__Bacillales;f__Bacillaceae;g__Bacillus;s__Bacillus velezensis	97.61	0.945	d__Bacteria;p__Bacillota;c__Bacilli;o__Bacillales;f__Bacillaceae;g__Bacillus;s__	taxonomic classification defined by topology and ANI	topological placement and ANI have congruent species assignments	GCF_000262045.1, s__Bacillus siamensis, 95.0, 94.28, 0.903; GCF_000196735.1, s__Bacillus amyloliquefaciens, 95.0, 93.88, 0.871; GCF_001584325.1, s__Bacillus nakamurai, 95.0, 87.43, 0.682; GCF_018613535.1, s__Bacillus sp018613535, 95.0, 87.3, 0.699; GCF_004124315.2, s__Bacillus cabrialesii, 95.0, 81.42, 0.2; GCF_040784915.1, s__Bacillus subtilis_G, 95.0, 81.1, 0.182; GCF_031317525.1, s__Bacillus tequilensis, 95.0, 81.05, 0.202; GCF_000009045.1, s__Bacillus subtilis, 95.0, 81.02, 0.185; GCF_004116955.1, s__Bacillus vallismortis, 95.0, 81.01, 0.175; GCF_001517105.1, s__Bacillus halotolerans, 95.0, 80.89, 0.206; GCF_000332645.1, s__Bacillus inaquosorum, 95.0, 80.79, 0.198; GCA_026790065.1, s__Bacillus sp026790065, 95.0, 80.67, 0.175; GCF_000738015.1, s__Bacillus stercoris, 95.0, 80.52, 0.176; GCF_031316635.1, s__Bacillus mojavensis, 95.47, 80.48, 0.192; GCF_031316495.1, s__Bacillus spizizenii, 95.0, 80.44, 0.178; GCF_011745685.2, s__Bacillus rugosus, 95.0, 80.26, 0.174; GCF_001584335.1, s__Bacillus atrophaeus, 95.0, 80.18, 0.174; GCA_020223575.2, s__Bacillus mexicanus, 95.0, 80.13, 0.172	96.17	11	N/A	N/A
HN00175796_F3301	d__Bacteria;p__Bacillota;c__Bacilli;o__Bacillales;f__Bacillaceae;g__Bacillus;s__Bacillus safensis	GCF_000691165.1	95.0	d__Bacteria;p__Bacillota;c__Bacilli;o__Bacillales;f__Bacillaceae;g__Bacillus;s__Bacillus safensis	97.42	0.911	GCF_000691165.1	95.0	d__Bacteria;p__Bacillota;c__Bacilli;o__Bacillales;f__Bacillaceae;g__Bacillus;s__Bacillus safensis	97.42	0.911	d__Bacteria;p__Bacillota;c__Bacilli;o__Bacillales;f__Bacillaceae;g__Bacillus;s__	taxonomic classification defined by topology and ANI	topological placement and ANI have congruent species assignments	GCA_025809375.1, s__Bacillus zhangzhouensis_A, 95.0, 95.08, 0.896; GCF_001307105.1, s__Bacillus australimaris, 95.01, 93.23, 0.898; GCA_030159235.1, s__Bacillus safensis_B, 95.0, 92.76, 0.854; GCF_038738535.1, s__Bacillus sp002998085, 95.0, 92.44, 0.9; GCF_900186955.1, s__Bacillus pumilus, 95.45, 91.71, 0.863; GCF_024498355.1, s__Bacillus pumilus_P, 95.0, 91.49, 0.847; GCF_014764715.1, s__Bacillus sp014764715, 95.0, 91.42, 0.838; GCF_003431975.1, s__Bacillus pumilus_N, 95.0, 91.39, 0.817; GCF_009937765.1, s__Bacillus pumilus_O, 95.0, 91.08, 0.844; GCF_000715205.1, s__Bacillus zhangzhouensis, 95.0, 90.96, 0.837; GCF_002744245.1, s__Bacillus pumilus_M, 95.0, 90.04, 0.759; GCF_000691145.1, s__Bacillus altitudinis, 95.0, 90.02, 0.823; GCF_000300535.1, s__Bacillus xiamenensis, 95.0, 89.89, 0.778; GCF_020524495.1, s__Bacillus stratosphericus_B, 95.0, 89.78, 0.722; GCA_001938995.1, s__Bacillus pumilus_G, 95.0, 86.83, 0.643; GCF_040500475.1, s__Bacillus sp040500475, 95.0, 86.54, 0.611	95.23	11	N/A	N/A
HN00175796_F3306	d__Bacteria;p__Bacillota;c__Bacilli;o__Bacillales;f__Bacillaceae;g__Bacillus;s__Bacillus paralicheniformis	GCF_001042485.2	95.0	d__Bacteria;p__Bacillota;c__Bacilli;o__Bacillales;f__Bacillaceae;g__Bacillus;s__Bacillus paralicheniformis	98.97	0.947	GCF_001042485.2	95.0	d__Bacteria;p__Bacillota;c__Bacilli;o__Bacillales;f__Bacillaceae;g__Bacillus;s__Bacillus paralicheniformis	98.97	0.947	d__Bacteria;p__Bacillota;c__Bacilli;o__Bacillales;f__Bacillaceae;g__Bacillus;s__	taxonomic classification defined by topology and ANI	topological placement and ANI have congruent species assignments	GCF_001969855.1, s__Bacillus haynesii, 95.2, 94.76, 0.892; GCF_000011645.1, s__Bacillus licheniformis, 95.0, 94.42, 0.902; GCF_001969815.1, s__Bacillus swezeyi, 95.0, 84.41, 0.469; GCF_029537375.1, s__Bacillus sonorensis_A, 95.0, 84.17, 0.439; GCF_001592005.1, s__Bacillus sonorensis, 95.0, 83.59, 0.38; GCF_001042475.2, s__Bacillus glycinifermentans, 95.0, 83.08, 0.335	96.94	11	N/A	N/A
HN00175796_F3307	d__Bacteria;p__Bacillota;c__Bacilli;o__Bacillales;f__Bacillaceae;g__Bacillus;s__Bacillus altitudinis	GCF_000691145.1	95.0	d__Bacteria;p__Bacillota;c__Bacilli;o__Bacillales;f__Bacillaceae;g__Bacillus;s__Bacillus altitudinis	98.27	0.935	GCF_000691145.1	95.0	d__Bacteria;p__Bacillota;c__Bacilli;o__Bacillales;f__Bacillaceae;g__Bacillus;s__Bacillus altitudinis	98.27	0.935	d__Bacteria;p__Bacillota;c__Bacilli;o__Bacillales;f__Bacillaceae;g__Bacillus;s__	taxonomic classification defined by topology and ANI	topological placement and ANI have congruent species assignments	GCF_000300535.1, s__Bacillus xiamenensis, 95.0, 91.64, 0.835; GCF_024498355.1, s__Bacillus pumilus_P, 95.0, 90.89, 0.818; GCF_014764715.1, s__Bacillus sp014764715, 95.0, 90.76, 0.819; GCF_000715205.1, s__Bacillus zhangzhouensis, 95.0, 90.67, 0.832; GCF_038738535.1, s__Bacillus sp002998085, 95.0, 90.33, 0.827; GCF_000691165.1, s__Bacillus safensis, 95.0, 90.03, 0.809; GCF_900186955.1, s__Bacillus pumilus, 95.45, 90.02, 0.81; GCF_002744245.1, s__Bacillus pumilus_M, 95.0, 90.02, 0.76; GCF_020524495.1, s__Bacillus stratosphericus_B, 95.0, 89.86, 0.692; GCF_001307105.1, s__Bacillus australimaris, 95.01, 89.85, 0.824; GCF_003431975.1, s__Bacillus pumilus_N, 95.0, 89.69, 0.783; GCA_025809375.1, s__Bacillus zhangzhouensis_A, 95.0, 89.64, 0.759; GCA_030159235.1, s__Bacillus safensis_B, 95.0, 89.59, 0.792; GCF_009937765.1, s__Bacillus pumilus_O, 95.0, 89.5, 0.773; GCA_001938995.1, s__Bacillus pumilus_G, 95.0, 86.67, 0.624; GCF_040500475.1, s__Bacillus sp040500475, 95.0, 86.32, 0.572	96.84	11	N/A	N/A
HN00175796_F3369	d__Bacteria;p__Bacillota;c__Bacilli;o__Bacillales;f__Bacillaceae;g__Bacillus;s__Bacillus sonorensis	GCF_001592005.1	95.0	d__Bacteria;p__Bacillota;c__Bacilli;o__Bacillales;f__Bacillaceae;g__Bacillus;s__Bacillus sonorensis	99.84	0.979	GCF_001592005.1	95.0	d__Bacteria;p__Bacillota;c__Bacilli;o__Bacillales;f__Bacillaceae;g__Bacillus;s__Bacillus sonorensis	99.84	0.979	d__Bacteria;p__Bacillota;c__Bacilli;o__Bacillales;f__Bacillaceae;g__Bacillus;s__	taxonomic classification defined by topology and ANI	topological placement and ANI have congruent species assignments	GCF_001042475.2, s__Bacillus glycinifermentans, 95.0, 86.67, 0.587; GCF_001969815.1, s__Bacillus swezeyi, 95.0, 84.36, 0.458; GCF_000011645.1, s__Bacillus licheniformis, 95.0, 84.08, 0.401; GCF_029537375.1, s__Bacillus sonorensis_A, 95.0, 83.64, 0.406; GCF_001042485.2, s__Bacillus paralicheniformis, 95.0, 83.58, 0.379; GCF_001969855.1, s__Bacillus haynesii, 95.2, 83.49, 0.378	97.02	11	N/A	N/A
HN00175796_F3370	d__Bacteria;p__Bacillota;c__Bacilli;o__Bacillales;f__Bacillaceae;g__Bacillus;s__Bacillus sonorensis	GCF_001592005.1	95.0	d__Bacteria;p__Bacillota;c__Bacilli;o__Bacillales;f__Bacillaceae;g__Bacillus;s__Bacillus sonorensis	99.72	0.972	GCF_001592005.1	95.0	d__Bacteria;p__Bacillota;c__Bacilli;o__Bacillales;f__Bacillaceae;g__Bacillus;s__Bacillus sonorensis	99.72	0.972	d__Bacteria;p__Bacillota;c__Bacilli;o__Bacillales;f__Bacillaceae;g__Bacillus;s__	taxonomic classification defined by topology and ANI	topological placement and ANI have congruent species assignments	GCF_001042475.2, s__Bacillus glycinifermentans, 95.0, 87.63, 0.614; GCF_001969815.1, s__Bacillus swezeyi, 95.0, 84.38, 0.454; GCF_000011645.1, s__Bacillus licheniformis, 95.0, 84.16, 0.404; GCF_001042485.2, s__Bacillus paralicheniformis, 95.0, 83.85, 0.393; GCF_029537375.1, s__Bacillus sonorensis_A, 95.0, 83.77, 0.4; GCF_001969855.1, s__Bacillus haynesii, 95.2, 83.4, 0.376	96.92	11	N/A	N/A
HN00175796_F3371	d__Bacteria;p__Bacillota;c__Bacilli;o__Bacillales;f__Bacillaceae;g__Bacillus;s__Bacillus glycinifermentans	GCF_001042475.2	95.0	d__Bacteria;p__Bacillota;c__Bacilli;o__Bacillales;f__Bacillaceae;g__Bacillus;s__Bacillus glycinifermentans	99.45	0.962	GCF_001042475.2	95.0	d__Bacteria;p__Bacillota;c__Bacilli;o__Bacillales;f__Bacillaceae;g__Bacillus;s__Bacillus glycinifermentans	99.45	0.962	d__Bacteria;p__Bacillota;c__Bacilli;o__Bacillales;f__Bacillaceae;g__Bacillus;s__	taxonomic classification defined by topology and ANI	topological placement and ANI have congruent species assignments	GCF_001592005.1, s__Bacillus sonorensis, 95.0, 86.35, 0.603; GCF_001969815.1, s__Bacillus swezeyi, 95.0, 83.32, 0.378; GCF_029537375.1, s__Bacillus sonorensis_A, 95.0, 83.31, 0.35; GCF_000011645.1, s__Bacillus licheniformis, 95.0, 83.11, 0.358; GCF_001042485.2, s__Bacillus paralicheniformis, 95.0, 82.79, 0.345; GCF_001969855.1, s__Bacillus haynesii, 95.2, 82.53, 0.322	96.94	11	N/A	N/A
HN00175796_F3378	d__Bacteria;p__Bacillota;c__Bacilli;o__Bacillales;f__Bacillaceae_G;g__Bacillus_A;s__Bacillus_A paranthracis	GCF_001883995.1	95.17	d__Bacteria;p__Bacillota;c__Bacilli;o__Bacillales;f__Bacillaceae_G;g__Bacillus_A;s__Bacillus_A paranthracis	98.59	0.844	GCF_001883995.1	95.17	d__Bacteria;p__Bacillota;c__Bacilli;o__Bacillales;f__Bacillaceae_G;g__Bacillus_A;s__Bacillus_A paranthracis	98.59	0.844	d__Bacteria;p__Bacillota;c__Bacilli;o__Bacillales;f__Bacillaceae_G;g__Bacillus_A;s__	taxonomic classification defined by topology and ANI	topological placement and ANI have congruent species assignments	GCF_001884025.1, s__Bacillus_A pacificus, 95.52, 95.67, 0.829; GCF_001884035.1, s__Bacillus_A tropicus, 95.25, 95.18, 0.848; GCF_000742895.1, s__Bacillus_A anthracis, 95.0, 94.94, 0.813; GCF_001455345.1, s__Bacillus_A thuringiensis_N, 95.0, 93.98, 0.821; GCF_006494425.1, s__Bacillus_A dicomae, 95.0, 93.96, 0.796; GCF_921008455.1, s__Bacillus_A basilensis, 95.21, 93.96, 0.783; GCF_018332475.1, s__Bacillus_A sanguinis, 95.12, 93.91, 0.8; GCF_038971285.1, s__Bacillus_A sp002571225, 95.0, 93.57, 0.773; GCF_002746455.1, s__Bacillus_A fungorum, 95.0, 93.27, 0.715; GCF_007678085.1, s__Bacillus_A cereus_BE, 95.0, 93.21, 0.793; GCF_001884045.1, s__Bacillus_A mobilis, 95.0, 93.16, 0.793; GCF_001583695.1, s__Bacillus_A wiedmannii, 95.0, 93.09, 0.771; GCF_001884185.1, s__Bacillus_A albus, 95.0, 93.04, 0.743; GCF_022095615.2, s__Bacillus_A cereus_AG, 95.0, 93.03, 0.762; GCF_008923725.1, s__Bacillus_A sp008923725, 95.0, 92.75, 0.745; GCF_003400245.1, s__Bacillus_A sp003400245, 95.0, 92.42, 0.745; GCF_000007825.1, s__Bacillus_A cereus, 95.0, 91.97, 0.752; GCF_001595725.1, s__Bacillus_A thuringiensis_K, 96.75, 91.6, 0.733; GCF_001182785.1, s__Bacillus_A thuringiensis, 96.46, 91.54, 0.723; GCF_000021305.1, s__Bacillus_A thuringiensis_S, 96.14, 91.54, 0.71; GCF_001884105.1, s__Bacillus_A luti, 95.0, 91.48, 0.741; GCF_000496285.1, s__Bacillus_A toyonensis, 95.0, 90.99, 0.739; GCF_002567495.1, s__Bacillus_A cereus_AQ, 95.0, 90.94, 0.706; GCA_027694045.1, s__Bacillus_A sp027694045, 95.0, 90.79, 0.739; GCF_002584985.1, s__Bacillus_A sp002584985, 95.0, 90.72, 0.68; GCF_025917685.1, s__Bacillus_A cereus_AT, 95.28, 90.33, 0.702; GCF_002577405.1, s__Bacillus_A cereus_AU, 95.0, 90.33, 0.681; GCF_002564555.1, s__Bacillus_A cereus_K, 95.0, 90.16, 0.676; GCF_018332515.1, s__Bacillus_A hominis, 95.0, 90.03, 0.644; GCF_001884135.1, s__Bacillus_A nitratireducens, 95.0, 90.02, 0.669; GCA_014932895.1, s__Bacillus_A thuringiensis_AA, 95.0, 90.02, 0.626; GCF_001884065.1, s__Bacillus_A proteolyticus, 95.0, 90.0, 0.648; GCA_002578045.1, s__Bacillus_A cereus_AK, 95.0, 89.95, 0.593; GCF_018966865.1, s__Bacillus_A sp018966865, 95.0, 89.76, 0.684; GCF_040459645.1, s__Bacillus_A mycoides_C, 95.0, 89.76, 0.66; GCF_000832605.1, s__Bacillus_A mycoides, 95.0, 89.72, 0.63; GCF_018742245.1, s__Bacillus_A cereus_U, 95.0, 89.18, 0.63; GCF_015071065.1, s__Bacillus_A cereus_BA, 95.0, 88.97, 0.601; GCF_002975175.1, s__Bacillus_A sp002975175, 95.0, 88.97, 0.584; GCF_001757995.1, s__Bacillus_A mycoides_B, 95.0, 88.93, 0.611; GCF_001884235.1, s__Bacillus_A paramycoides, 95.0, 88.85, 0.601; GCF_000746925.1, s__Bacillus_A clarus, 95.0, 86.05, 0.452; GCF_002551815.1, s__Bacillus_A sp002551815, 95.0, 84.24, 0.28; GCF_013314535.1, s__Bacillus_A sp013314535, 95.0, 83.43, 0.253; GCA_039549175.1, s__Bacillus_A sp039549175, 95.0, 83.31, 0.257; GCF_017498775.1, s__Bacillus_A arachidis, 95.0, 83.1, 0.249; GCF_022811845.1, s__Bacillus_A cereus_AV, 95.0, 83.02, 0.247; GCA_002561295.1, s__Bacillus_A cereus_S, 95.0, 83.0, 0.283; GCF_000017425.1, s__Bacillus_A cytotoxicus, 95.0, 83.0, 0.277; GCA_037095095.1, s__Bacillus_A cereus_BF, 95.0, 82.88, 0.243; GCF_000299035.1, s__Bacillus_A bingmayongensis, 95.0, 82.83, 0.253; GCF_001590835.1, s__Bacillus_A gaemokensis, 95.0, 82.77, 0.251; GCF_022663115.1, s__Bacillus_A cereus_BD, 95.0, 82.71, 0.27; GCF_030292155.1, s__Bacillus_A sp030292155, 95.0, 82.53, 0.187; GCF_000161455.1, s__Bacillus_A pseudomycoides, 95.0, 82.44, 0.239	89.59	11	N/A	Genome has more than 10.0% of markers with multiple hits
HN00175796_F3454	d__Bacteria;p__Bacillota;c__Bacilli;o__Bacillales;f__Bacillaceae;g__Bacillus;s__Bacillus altitudinis	GCF_000691145.1	95.0	d__Bacteria;p__Bacillota;c__Bacilli;o__Bacillales;f__Bacillaceae;g__Bacillus;s__Bacillus altitudinis	98.43	0.946	GCF_000691145.1	95.0	d__Bacteria;p__Bacillota;c__Bacilli;o__Bacillales;f__Bacillaceae;g__Bacillus;s__Bacillus altitudinis	98.43	0.946	d__Bacteria;p__Bacillota;c__Bacilli;o__Bacillales;f__Bacillaceae;g__Bacillus;s__	taxonomic classification defined by topology and ANI	topological placement and ANI have congruent species assignments	GCF_000300535.1, s__Bacillus xiamenensis, 95.0, 91.58, 0.838; GCF_024498355.1, s__Bacillus pumilus_P, 95.0, 90.79, 0.806; GCF_014764715.1, s__Bacillus sp014764715, 95.0, 90.66, 0.815; GCF_000715205.1, s__Bacillus zhangzhouensis, 95.0, 90.48, 0.827; GCF_038738535.1, s__Bacillus sp002998085, 95.0, 90.33, 0.823; GCF_000691165.1, s__Bacillus safensis, 95.0, 90.03, 0.799; GCF_002744245.1, s__Bacillus pumilus_M, 95.0, 90.02, 0.757; GCF_900186955.1, s__Bacillus pumilus, 95.45, 89.9, 0.79; GCF_003431975.1, s__Bacillus pumilus_N, 95.0, 89.85, 0.787; GCF_020524495.1, s__Bacillus stratosphericus_B, 95.0, 89.82, 0.685; GCF_009937765.1, s__Bacillus pumilus_O, 95.0, 89.76, 0.766; GCF_001307105.1, s__Bacillus australimaris, 95.01, 89.75, 0.817; GCA_025809375.1, s__Bacillus zhangzhouensis_A, 95.0, 89.69, 0.755; GCA_030159235.1, s__Bacillus safensis_B, 95.0, 89.55, 0.777; GCF_040500475.1, s__Bacillus sp040500475, 95.0, 86.56, 0.567; GCA_001938995.1, s__Bacillus pumilus_G, 95.0, 86.48, 0.611	96.84	11	N/A	N/A
HN00175796_F3461	d__Bacteria;p__Bacillota;c__Bacilli;o__Bacillales;f__Bacillaceae;g__Bacillus;s__Bacillus subtilis	GCF_000009045.1	95.0	d__Bacteria;p__Bacillota;c__Bacilli;o__Bacillales;f__Bacillaceae;g__Bacillus;s__Bacillus subtilis	98.39	0.916	GCF_000009045.1	95.0	d__Bacteria;p__Bacillota;c__Bacilli;o__Bacillales;f__Bacillaceae;g__Bacillus;s__Bacillus subtilis	98.39	0.916	d__Bacteria;p__Bacillota;c__Bacilli;o__Bacillales;f__Bacillaceae;g__Bacillus;s__	taxonomic classification defined by topology and ANI	topological placement and ANI have congruent species assignments	GCF_000738015.1, s__Bacillus stercoris, 95.0, 94.87, 0.887; GCF_000332645.1, s__Bacillus inaquosorum, 95.0, 92.68, 0.827; GCF_004124315.2, s__Bacillus cabrialesii, 95.0, 92.29, 0.849; GCA_026790065.1, s__Bacillus sp026790065, 95.0, 92.22, 0.861; GCF_031316495.1, s__Bacillus spizizenii, 95.0, 92.22, 0.843; GCF_011745685.2, s__Bacillus rugosus, 95.0, 92.04, 0.822; GCF_031317525.1, s__Bacillus tequilensis, 95.0, 91.59, 0.815; GCF_040784915.1, s__Bacillus subtilis_G, 95.0, 91.45, 0.785; GCF_004116955.1, s__Bacillus vallismortis, 95.0, 90.93, 0.763; GCA_020223575.2, s__Bacillus mexicanus, 95.0, 90.52, 0.777; GCF_001517105.1, s__Bacillus halotolerans, 95.0, 88.57, 0.732; GCF_031316635.1, s__Bacillus mojavensis, 95.47, 88.19, 0.744; GCF_001584335.1, s__Bacillus atrophaeus, 95.0, 81.76, 0.256; GCF_000196735.1, s__Bacillus amyloliquefaciens, 95.0, 81.24, 0.181; GCF_000262045.1, s__Bacillus siamensis, 95.0, 80.92, 0.191; GCF_001461825.1, s__Bacillus velezensis, 95.0, 80.81, 0.178; GCF_018613535.1, s__Bacillus sp018613535, 95.0, 80.7, 0.201; GCF_001584325.1, s__Bacillus nakamurai, 95.0, 80.58, 0.185	96.19	11	N/A	N/A
HN00175796_F3466	d__Bacteria;p__Bacillota;c__Bacilli;o__Bacillales;f__Bacillaceae;g__Bacillus;s__Bacillus velezensis	GCF_001461825.1	95.0	d__Bacteria;p__Bacillota;c__Bacilli;o__Bacillales;f__Bacillaceae;g__Bacillus;s__Bacillus velezensis	97.68	0.906	GCF_001461825.1	95.0	d__Bacteria;p__Bacillota;c__Bacilli;o__Bacillales;f__Bacillaceae;g__Bacillus;s__Bacillus velezensis	97.68	0.906	d__Bacteria;p__Bacillota;c__Bacilli;o__Bacillales;f__Bacillaceae;g__Bacillus;s__	taxonomic classification defined by topology and ANI	topological placement and ANI have congruent species assignments	GCF_000262045.1, s__Bacillus siamensis, 95.0, 94.28, 0.907; GCF_000196735.1, s__Bacillus amyloliquefaciens, 95.0, 93.89, 0.852; GCF_001584325.1, s__Bacillus nakamurai, 95.0, 87.67, 0.696; GCF_018613535.1, s__Bacillus sp018613535, 95.0, 87.46, 0.699; GCF_004124315.2, s__Bacillus cabrialesii, 95.0, 81.42, 0.191; GCF_001517105.1, s__Bacillus halotolerans, 95.0, 81.05, 0.199; GCF_000009045.1, s__Bacillus subtilis, 95.0, 81.05, 0.184; GCF_040784915.1, s__Bacillus subtilis_G, 95.0, 80.96, 0.175; GCF_031317525.1, s__Bacillus tequilensis, 95.0, 80.92, 0.195; GCF_004116955.1, s__Bacillus vallismortis, 95.0, 80.7, 0.177; GCF_031316635.1, s__Bacillus mojavensis, 95.47, 80.65, 0.192; GCF_000332645.1, s__Bacillus inaquosorum, 95.0, 80.62, 0.19; GCF_000738015.1, s__Bacillus stercoris, 95.0, 80.57, 0.174; GCA_026790065.1, s__Bacillus sp026790065, 95.0, 80.47, 0.178; GCF_031316495.1, s__Bacillus spizizenii, 95.0, 80.46, 0.184; GCF_011745685.2, s__Bacillus rugosus, 95.0, 80.37, 0.17; GCF_001584335.1, s__Bacillus atrophaeus, 95.0, 80.18, 0.168; GCA_020223575.2, s__Bacillus mexicanus, 95.0, 80.16, 0.169	95.39	11	N/A	N/A
HN00175796_GS201401	d__Bacteria;p__Bacillota;c__Bacilli;o__Lactobacillales;f__Lactobacillaceae;g__Lactiplantibacillus;s__Lactiplantibacillus plantarum	GCF_014131735.1	95.0	d__Bacteria;p__Bacillota;c__Bacilli;o__Lactobacillales;f__Lactobacillaceae;g__Lactiplantibacillus;s__Lactiplantibacillus plantarum	98.95	0.867	GCF_014131735.1	95.0	d__Bacteria;p__Bacillota;c__Bacilli;o__Lactobacillales;f__Lactobacillaceae;g__Lactiplantibacillus;s__Lactiplantibacillus plantarum	98.95	0.867	d__Bacteria;p__Bacillota;c__Bacilli;o__Lactobacillales;f__Lactobacillaceae;g__Lactiplantibacillus;s__	taxonomic classification defined by topology and ANI	topological placement and ANI have congruent species assignments	GCF_032681335.1, s__Lactiplantibacillus sp032681335, 95.0, 90.41, 0.593; GCF_003641145.1, s__Lactiplantibacillus paraplantarum, 95.0, 88.62, 0.523; GCF_003641185.1, s__Lactiplantibacillus pentosus, 95.0, 83.52, 0.233; GCA_000463075.2, s__Lactiplantibacillus plantarum_A, 95.0, 82.38, 0.202	94.12	11	N/A	N/A
HN00175796_GS201402	d__Bacteria;p__Bacillota;c__Bacilli;o__Lactobacillales;f__Lactobacillaceae;g__Lactiplantibacillus;s__Lactiplantibacillus plantarum	GCF_014131735.1	95.0	d__Bacteria;p__Bacillota;c__Bacilli;o__Lactobacillales;f__Lactobacillaceae;g__Lactiplantibacillus;s__Lactiplantibacillus plantarum	98.94	0.867	GCF_014131735.1	95.0	d__Bacteria;p__Bacillota;c__Bacilli;o__Lactobacillales;f__Lactobacillaceae;g__Lactiplantibacillus;s__Lactiplantibacillus plantarum	98.94	0.867	d__Bacteria;p__Bacillota;c__Bacilli;o__Lactobacillales;f__Lactobacillaceae;g__Lactiplantibacillus;s__	taxonomic classification defined by topology and ANI	topological placement and ANI have congruent species assignments	GCF_032681335.1, s__Lactiplantibacillus sp032681335, 95.0, 90.41, 0.593; GCF_003641145.1, s__Lactiplantibacillus paraplantarum, 95.0, 88.61, 0.522; GCF_003641185.1, s__Lactiplantibacillus pentosus, 95.0, 83.13, 0.237; GCA_000463075.2, s__Lactiplantibacillus plantarum_A, 95.0, 82.38, 0.203	94.12	11	N/A	N/A
HN00175796_GS41424	d__Bacteria;p__Bacillota;c__Bacilli;o__Bacillales;f__Bacillaceae;g__Bacillus;s__Bacillus velezensis	GCF_001461825.1	95.0	d__Bacteria;p__Bacillota;c__Bacilli;o__Bacillales;f__Bacillaceae;g__Bacillus;s__Bacillus velezensis	97.68	0.943	GCF_001461825.1	95.0	d__Bacteria;p__Bacillota;c__Bacilli;o__Bacillales;f__Bacillaceae;g__Bacillus;s__Bacillus velezensis	97.68	0.943	d__Bacteria;p__Bacillota;c__Bacilli;o__Bacillales;f__Bacillaceae;g__Bacillus;s__	taxonomic classification defined by topology and ANI	topological placement and ANI have congruent species assignments	GCF_000262045.1, s__Bacillus siamensis, 95.0, 94.28, 0.907; GCF_000196735.1, s__Bacillus amyloliquefaciens, 95.0, 93.88, 0.866; GCF_001584325.1, s__Bacillus nakamurai, 95.0, 87.54, 0.681; GCF_018613535.1, s__Bacillus sp018613535, 95.0, 87.39, 0.694; GCF_000009045.1, s__Bacillus subtilis, 95.0, 81.46, 0.191; GCF_004124315.2, s__Bacillus cabrialesii, 95.0, 81.3, 0.204; GCF_031317525.1, s__Bacillus tequilensis, 95.0, 81.09, 0.196; GCF_040784915.1, s__Bacillus subtilis_G, 95.0, 81.05, 0.179; GCF_001517105.1, s__Bacillus halotolerans, 95.0, 81.04, 0.204; GCF_004116955.1, s__Bacillus vallismortis, 95.0, 81.01, 0.181; GCF_000332645.1, s__Bacillus inaquosorum, 95.0, 80.79, 0.196; GCF_031316495.1, s__Bacillus spizizenii, 95.0, 80.79, 0.191; GCA_026790065.1, s__Bacillus sp026790065, 95.0, 80.78, 0.182; GCF_000738015.1, s__Bacillus stercoris, 95.0, 80.57, 0.178; GCF_031316635.1, s__Bacillus mojavensis, 95.47, 80.51, 0.189; GCF_011745685.2, s__Bacillus rugosus, 95.0, 80.45, 0.18; GCF_001584335.1, s__Bacillus atrophaeus, 95.0, 80.16, 0.182; GCA_020223575.2, s__Bacillus mexicanus, 95.0, 80.14, 0.174	96.19	11	N/A	N/A
HN00175796_GS41425	d__Bacteria;p__Bacillota;c__Bacilli;o__Bacillales;f__Bacillaceae;g__Bacillus;s__Bacillus safensis	GCF_000691165.1	95.0	d__Bacteria;p__Bacillota;c__Bacilli;o__Bacillales;f__Bacillaceae;g__Bacillus;s__Bacillus safensis	95.7	0.912	N/A	N/A	N/A	N/A	N/A	d__Bacteria;p__Bacillota;c__Bacilli;o__Bacillales;f__Bacillaceae;g__Bacillus;s__	taxonomic classification defined by topology and ANI	topological placement and ANI have incongruent species assignments	GCF_000691165.1, s__Bacillus safensis, 95.0, 95.7, 0.912; GCA_025809375.1, s__Bacillus zhangzhouensis_A, 95.0, 95.05, 0.881; GCF_001307105.1, s__Bacillus australimaris, 95.01, 93.58, 0.915; GCA_030159235.1, s__Bacillus safensis_B, 95.0, 92.83, 0.901; GCF_038738535.1, s__Bacillus sp002998085, 95.0, 92.27, 0.889; GCF_900186955.1, s__Bacillus pumilus, 95.45, 91.77, 0.878; GCF_014764715.1, s__Bacillus sp014764715, 95.0, 91.42, 0.83; GCF_003431975.1, s__Bacillus pumilus_N, 95.0, 91.25, 0.854; GCF_024498355.1, s__Bacillus pumilus_P, 95.0, 91.15, 0.841; GCF_000715205.1, s__Bacillus zhangzhouensis, 95.0, 90.96, 0.838; GCF_009937765.1, s__Bacillus pumilus_O, 95.0, 90.94, 0.851; GCF_000691145.1, s__Bacillus altitudinis, 95.0, 89.94, 0.815; GCF_002744245.1, s__Bacillus pumilus_M, 95.0, 89.93, 0.769; GCF_000300535.1, s__Bacillus xiamenensis, 95.0, 89.89, 0.767; GCF_020524495.1, s__Bacillus stratosphericus_B, 95.0, 89.63, 0.68; GCA_001938995.1, s__Bacillus pumilus_G, 95.0, 86.68, 0.618; GCF_040500475.1, s__Bacillus sp040500475, 95.0, 86.51, 0.59	96.9	11	N/A	N/A
HN00176442_F3372	d__Bacteria;p__Actinomycetota;c__Actinomycetes;o__Actinomycetales;f__Micrococcaceae;g__Arthrobacter;s__Arthrobacter oxydans	GCF_013314975.1	95.0	d__Bacteria;p__Actinomycetota;c__Actinomycetes;o__Actinomycetales;f__Micrococcaceae;g__Arthrobacter;s__Arthrobacter oxydans	98.02	0.838	GCF_013314975.1	95.0	d__Bacteria;p__Actinomycetota;c__Actinomycetes;o__Actinomycetales;f__Micrococcaceae;g__Arthrobacter;s__Arthrobacter oxydans	98.02	0.838	d__Bacteria;p__Actinomycetota;c__Actinomycetes;o__Actinomycetales;f__Micrococcaceae;g__Arthrobacter;s__	taxonomic classification defined by topology and ANI	topological placement and ANI have congruent species assignments	GCF_014644515.1, s__Arthrobacter scleromae, 95.35, 94.32, 0.835; GCF_014644495.1, s__Arthrobacter polychromogenes, 95.0, 93.54, 0.808; GCF_001641125.1, s__Arthrobacter sp001641125, 95.0, 92.69, 0.757; GCF_021129155.1, s__Arthrobacter sp021129155, 95.0, 90.71, 0.716; GCF_040224115.1, s__Arthrobacter sp040224115, 95.0, 90.4, 0.713; GCF_034258515.1, s__Arthrobacter sp009741265, 95.0, 86.99, 0.552; GCF_002892835.1, s__Arthrobacter sp002892835, 95.0, 86.7, 0.581; GCF_002953935.1, s__Arthrobacter sp002953935, 95.0, 86.64, 0.513; GCF_020809045.1, s__Arthrobacter sp006151685, 95.0, 86.61, 0.555; GCF_000189535.1, s__Arthrobacter phenanthrenivorans, 95.0, 85.92, 0.473; GCA_013362385.1, s__Arthrobacter sp013362385, 95.0, 84.88, 0.225; GCF_005796225.1, s__Arthrobacter sp005796225, 95.0, 84.78, 0.428; GCF_005796185.1, s__Arthrobacter sp005796185, 95.0, 84.62, 0.444; GCF_900537115.1, s__Arthrobacter sp900537115, 95.0, 84.55, 0.413; GCF_000332815.1, s__Arthrobacter nitrophenolicus, 95.0, 84.54, 0.369; GCF_030817075.1, s__Arthrobacter sp030817075, 95.0, 84.46, 0.398; GCF_001046895.1, s__Arthrobacter siccitolerans, 95.0, 84.06, 0.358; GCF_902506095.1, s__Arthrobacter sp902506095, 95.0, 83.98, 0.359; GCF_006715305.1, s__Arthrobacter sp006715305, 95.0, 83.97, 0.342; GCF_900168295.1, s__Arthrobacter sp900168295, 95.0, 83.92, 0.358; GCF_030823375.1, s__Arthrobacter siccitolerans_A, 95.0, 83.89, 0.348; GCF_030817835.1, s__Arthrobacter sp030817835, 95.0, 83.89, 0.345; GCF_002929215.1, s__Arthrobacter sp002929215, 95.0, 83.89, 0.339; GCF_024758005.1, s__Arthrobacter sp024758005, 95.0, 83.8, 0.353; GCF_900110595.1, s__Arthrobacter sp900110595, 95.0, 83.66, 0.345; GCA_036566705.1, s__Arthrobacter sp036566705, 95.0, 83.57, 0.154; GCF_003061105.1, s__Arthrobacter sp003061105, 95.0, 83.43, 0.157; GCA_035475035.1, s__Arthrobacter sp035475035, 95.0, 83.35, 0.278; GCF_019710585.1, s__Arthrobacter sp019710585, 95.0, 83.3, 0.304; GCF_019977275.1, s__Arthrobacter sp000374905, 95.0, 83.29, 0.306; GCF_006715225.1, s__Arthrobacter sp006715225, 95.0, 83.2, 0.306; GCF_005796205.1, s__Arthrobacter sp005796205, 95.0, 83.16, 0.307; GCF_030816485.1, s__Arthrobacter sp030816485, 95.0, 83.15, 0.299; GCF_001428075.1, s__Arthrobacter sp001428075, 95.0, 83.13, 0.311; GCF_006715165.1, s__Arthrobacter sp006715165, 95.0, 83.12, 0.298; GCF_021800405.1, s__Arthrobacter sp021800405, 95.0, 83.07, 0.287; GCF_019977395.1, s__Arthrobacter sp902506025, 95.0, 83.06, 0.299; GCF_006715285.1, s__Arthrobacter sp006715285, 95.0, 83.05, 0.294; GCF_024362385.1, s__Arthrobacter sp024362385, 95.0, 83.01, 0.292; GCF_900105535.1, s__Arthrobacter equi, 95.0, 82.99, 0.288; GCF_000813845.1, s__Arthrobacter phenanthrenivorans_B, 95.0, 82.94, 0.284; GCF_031844305.1, s__Arthrobacter sp031844305, 95.0, 82.91, 0.29; GCF_013359725.1, s__Arthrobacter sp013359725, 95.0, 82.88, 0.291; GCF_030816725.1, s__Arthrobacter defluvii_A, 95.0, 82.87, 0.275; GCF_030944625.1, s__Arthrobacter sp030944625, 95.0, 82.84, 0.273; GCF_000022025.1, s__Arthrobacter chlorophenolicus, 95.0, 82.83, 0.28; GCF_030323865.1, s__Arthrobacter defluvii_B, 95.0, 82.82, 0.289; GCF_001457025.1, s__Arthrobacter enclensis, 95.0, 82.79, 0.317; GCF_006517815.1, s__Arthrobacter niigatensis, 95.0, 82.76, 0.274; GCF_014639275.1, s__Arthrobacter liuii, 95.0, 82.73, 0.271; GCF_001423525.1, s__Arthrobacter sp001423525, 95.0, 82.69, 0.287; GCF_018613675.1, s__Arthrobacter sp018613675, 95.0, 82.67, 0.232; GCF_000962805.1, s__Arthrobacter chlorophenolicus_A, 95.0, 82.58, 0.289; GCF_030811655.1, s__Arthrobacter enclensis_A, 95.0, 82.57, 0.255; GCF_030209315.1, s__Arthrobacter sp030209315, 95.0, 82.53, 0.247; GCA_024372495.1, s__Arthrobacter sp024372495, 95.0, 82.46, 0.263; GCF_000374865.1, s__Arthrobacter sp000374865, 95.0, 82.38, 0.27; GCF_036455295.1, s__Arthrobacter phenanthrenivorans_C, 95.0, 82.34, 0.253; GCF_040812005.1, s__Arthrobacter sp040812005, 95.0, 82.26, 0.24; GCF_030209355.1, s__Arthrobacter sp030209355, 95.0, 82.22, 0.246; GCF_031457335.1, s__Arthrobacter sp031457335, 95.0, 82.22, 0.241; GCA_023264815.1, s__Arthrobacter sp023264815, 95.0, 82.17, 0.225; GCF_001424565.1, s__Arthrobacter sp001424565, 95.0, 82.11, 0.247; GCA_035254945.1, s__Arthrobacter sp035254945, 95.0, 82.11, 0.213; GCF_004320525.1, s__Arthrobacter sp004320525, 95.0, 82.03, 0.23; GCF_014764445.1, s__Arthrobacter luteus_A, 95.0, 81.93, 0.204; GCF_023913735.1, s__Arthrobacter sp023913735, 95.0, 81.78, 0.197; GCF_023913755.1, s__Arthrobacter sp023913755, 95.0, 81.67, 0.206; GCF_037203945.1, s__Arthrobacter sp037203945, 95.0, 81.63, 0.205; GCA_002370555.1, s__Arthrobacter sp002370555, 95.0, 81.62, 0.231; GCF_023273875.1, s__Arthrobacter sp023273875, 95.08, 81.62, 0.204; GCA_036790915.1, s__Arthrobacter sp002427975, 95.0, 81.61, 0.209; GCF_006517235.1, s__Arthrobacter sp002929755, 95.0, 81.58, 0.216; GCF_001663775.1, s__Arthrobacter sp001663775, 95.0, 81.58, 0.211; GCF_001484605.1, s__Arthrobacter sulfonivorans_A, 95.0, 81.55, 0.201; GCF_014217545.1, s__Arthrobacter sp014217545, 95.0, 81.49, 0.204; GCF_009911795.1, s__Arthrobacter psychrotolerans, 95.0, 81.49, 0.199; GCF_031454915.1, s__Arthrobacter sulfonivorans_C, 95.0, 81.47, 0.204; GCF_001428335.1, s__Arthrobacter sp001428335, 95.0, 81.44, 0.199; GCF_030815585.1, s__Arthrobacter pascens_A, 95.0, 81.44, 0.191; GCF_026427775.1, s__Arthrobacter sp026427775, 95.0, 81.43, 0.184; GCF_024294965.1, s__Arthrobacter humi, 95.0, 81.42, 0.215; GCF_034048115.1, s__Arthrobacter sp029076445, 95.0, 81.41, 0.208; GCF_040548695.1, s__Arthrobacter sp040548695, 95.0, 81.41, 0.195; GCF_029960665.1, s__Arthrobacter sp029960665, 95.0, 81.33, 0.197; GCA_003287955.1, s__Arthrobacter sp003287955, 95.0, 81.31, 0.192; GCF_024391045.1, s__Arthrobacter sulfonivorans_B, 95.0, 81.3, 0.212; GCF_014712225.1, s__Arthrobacter sulfonivorans, 95.0, 81.23, 0.2; GCF_040546085.1, s__Arthrobacter sp040546085, 95.0, 81.19, 0.188; GCF_030816475.1, s__Arthrobacter pascens_B, 95.0, 81.17, 0.163; GCF_018613805.1, s__Arthrobacter sp018613805, 95.0, 80.97, 0.167; GCF_036330215.1, s__Arthrobacter sp036330215, 95.0, 80.81, 0.154; GCF_900609065.1, s__Arthrobacter ulcerisalmonis, 95.0, 80.61, 0.162; GCA_036565085.1, s__Arthrobacter sp036565085, 95.0, 80.6, 0.154	96.86	11	N/A	N/A
HN00176442_GS40304	d__Bacteria;p__Bacillota;c__Bacilli;o__Lactobacillales;f__Lactobacillaceae;g__Leuconostoc;s__Leuconostoc mesenteroides	GCF_000014445.1	95.0	d__Bacteria;p__Bacillota;c__Bacilli;o__Lactobacillales;f__Lactobacillaceae;g__Leuconostoc;s__Leuconostoc mesenteroides	98.8	0.905	GCF_000014445.1	95.0	d__Bacteria;p__Bacillota;c__Bacilli;o__Lactobacillales;f__Lactobacillaceae;g__Leuconostoc;s__Leuconostoc mesenteroides	98.8	0.905	d__Bacteria;p__Bacillota;c__Bacilli;o__Lactobacillales;f__Lactobacillaceae;g__Leuconostoc;s__	taxonomic classification defined by topology and ANI	topological placement and ANI have congruent species assignments	GCF_001891125.1, s__Leuconostoc suionicum, 95.0, 94.2, 0.827; GCA_009676745.1, s__Leuconostoc mesenteroides_B, 95.0, 91.46, 0.822; GCF_008107645.1, s__Leuconostoc litchii, 95.0, 82.29, 0.284	95.0	11	N/A	N/A
HN00176442_GS40306	d__Bacteria;p__Bacillota;c__Bacilli;o__Bacillales;f__Bacillaceae_G;g__Bacillus_A;s__Bacillus_A thuringiensis_S	GCF_000021305.1	96.14	d__Bacteria;p__Bacillota;c__Bacilli;o__Bacillales;f__Bacillaceae_G;g__Bacillus_A;s__Bacillus_A thuringiensis_S	97.21	0.846	N/A	N/A	N/A	N/A	N/A	d__Bacteria;p__Bacillota;c__Bacilli;o__Bacillales;f__Bacillaceae_G;g__Bacillus_A;s__	taxonomic classification defined by topology and ANI	topological placement and ANI have incongruent species assignments	GCF_000021305.1, s__Bacillus_A thuringiensis_S, 96.14, 97.21, 0.846; GCF_001182785.1, s__Bacillus_A thuringiensis, 96.46, 96.48, 0.852; GCF_000007825.1, s__Bacillus_A cereus, 95.0, 96.14, 0.848; GCF_001595725.1, s__Bacillus_A thuringiensis_K, 96.75, 95.62, 0.805; GCF_002567495.1, s__Bacillus_A cereus_AQ, 95.0, 94.35, 0.794; GCF_000496285.1, s__Bacillus_A toyonensis, 95.0, 91.83, 0.786; GCF_001884035.1, s__Bacillus_A tropicus, 95.25, 91.77, 0.775; GCF_001455345.1, s__Bacillus_A thuringiensis_N, 95.0, 91.77, 0.756; GCF_921008455.1, s__Bacillus_A basilensis, 95.21, 91.71, 0.714; GCF_001583695.1, s__Bacillus_A wiedmannii, 95.0, 91.65, 0.757; GCF_001883995.1, s__Bacillus_A paranthracis, 95.17, 91.6, 0.728; GCF_000742895.1, s__Bacillus_A anthracis, 95.0, 91.6, 0.724; GCF_038971285.1, s__Bacillus_A sp002571225, 95.0, 91.6, 0.708; GCF_003400245.1, s__Bacillus_A sp003400245, 95.0, 91.6, 0.704; GCF_002746455.1, s__Bacillus_A fungorum, 95.0, 91.58, 0.66; GCF_007678085.1, s__Bacillus_A cereus_BE, 95.0, 91.54, 0.746; GCF_008923725.1, s__Bacillus_A sp008923725, 95.0, 91.54, 0.72; GCF_006494425.1, s__Bacillus_A dicomae, 95.0, 91.54, 0.717; GCF_022095615.2, s__Bacillus_A cereus_AG, 95.0, 91.54, 0.717; GCF_018332475.1, s__Bacillus_A sanguinis, 95.12, 91.54, 0.704; GCF_001884025.1, s__Bacillus_A pacificus, 95.52, 91.52, 0.722; GCF_001884185.1, s__Bacillus_A albus, 95.0, 91.45, 0.691; GCF_001884045.1, s__Bacillus_A mobilis, 95.0, 91.3, 0.687; GCF_001884105.1, s__Bacillus_A luti, 95.0, 91.03, 0.738; GCA_027694045.1, s__Bacillus_A sp027694045, 95.0, 90.79, 0.726; GCA_014932895.1, s__Bacillus_A thuringiensis_AA, 95.0, 90.77, 0.639; GCF_002584985.1, s__Bacillus_A sp002584985, 95.0, 90.67, 0.691; GCF_002577405.1, s__Bacillus_A cereus_AU, 95.0, 90.67, 0.68; GCF_002564555.1, s__Bacillus_A cereus_K, 95.0, 90.57, 0.696; GCA_002578045.1, s__Bacillus_A cereus_AK, 95.0, 90.34, 0.623; GCF_018966865.1, s__Bacillus_A sp018966865, 95.0, 90.33, 0.723; GCF_025917685.1, s__Bacillus_A cereus_AT, 95.28, 90.33, 0.703; GCF_018332515.1, s__Bacillus_A hominis, 95.0, 90.3, 0.628; GCF_000832605.1, s__Bacillus_A mycoides, 95.0, 90.16, 0.676; GCF_001884135.1, s__Bacillus_A nitratireducens, 95.0, 90.02, 0.671; GCF_040459645.1, s__Bacillus_A mycoides_C, 95.0, 89.87, 0.646; GCF_001884065.1, s__Bacillus_A proteolyticus, 95.0, 89.85, 0.636; GCF_001757995.1, s__Bacillus_A mycoides_B, 95.0, 89.59, 0.616; GCF_018742245.1, s__Bacillus_A cereus_U, 95.0, 89.51, 0.652; GCF_015071065.1, s__Bacillus_A cereus_BA, 95.0, 89.41, 0.605; GCF_001884235.1, s__Bacillus_A paramycoides, 95.0, 89.26, 0.608; GCF_002975175.1, s__Bacillus_A sp002975175, 95.0, 89.15, 0.59; GCF_000746925.1, s__Bacillus_A clarus, 95.0, 86.14, 0.445; GCF_002551815.1, s__Bacillus_A sp002551815, 95.0, 84.0, 0.283; GCF_022811845.1, s__Bacillus_A cereus_AV, 95.0, 83.52, 0.253; GCF_013314535.1, s__Bacillus_A sp013314535, 95.0, 83.48, 0.251; GCA_002561295.1, s__Bacillus_A cereus_S, 95.0, 83.46, 0.289; GCA_037095095.1, s__Bacillus_A cereus_BF, 95.0, 83.35, 0.262; GCA_039549175.1, s__Bacillus_A sp039549175, 95.0, 83.03, 0.253; GCF_001590835.1, s__Bacillus_A gaemokensis, 95.0, 83.02, 0.264; GCF_000161455.1, s__Bacillus_A pseudomycoides, 95.0, 82.96, 0.234; GCF_000017425.1, s__Bacillus_A cytotoxicus, 95.0, 82.95, 0.281; GCF_017498775.1, s__Bacillus_A arachidis, 95.0, 82.94, 0.257; GCF_000299035.1, s__Bacillus_A bingmayongensis, 95.0, 82.8, 0.264; GCF_030292155.1, s__Bacillus_A sp030292155, 95.0, 82.5, 0.204; GCF_022663115.1, s__Bacillus_A cereus_BD, 95.0, 82.4, 0.263	90.37	11	N/A	N/A
HN00176442_GS41429	d__Bacteria;p__Bacillota;c__Bacilli;o__Lactobacillales;f__Lactobacillaceae;g__Levilactobacillus;s__Levilactobacillus brevis	GCF_001433855.1	95.0	d__Bacteria;p__Bacillota;c__Bacilli;o__Lactobacillales;f__Lactobacillaceae;g__Levilactobacillus;s__Levilactobacillus brevis	97.18	0.878	GCF_001433855.1	95.0	d__Bacteria;p__Bacillota;c__Bacilli;o__Lactobacillales;f__Lactobacillaceae;g__Levilactobacillus;s__Levilactobacillus brevis	97.18	0.878	d__Bacteria;p__Bacillota;c__Bacilli;o__Lactobacillales;f__Lactobacillaceae;g__Levilactobacillus;s__	taxonomic classification defined by topology and ANI	topological placement and ANI have congruent species assignments	N/A	95.49	11	N/A	N/A
HN00176442_GSY0003	d__Bacteria;p__Bacillota;c__Bacilli;o__Bacillales;f__Bacillaceae;g__Bacillus;s__Bacillus safensis	GCF_000691165.1	95.0	d__Bacteria;p__Bacillota;c__Bacilli;o__Bacillales;f__Bacillaceae;g__Bacillus;s__Bacillus safensis	97.41	0.915	N/A	N/A	N/A	N/A	N/A	d__Bacteria;p__Bacillota;c__Bacilli;o__Bacillales;f__Bacillaceae;g__Bacillus;s__	taxonomic classification defined by topology and ANI	topological placement and ANI have incongruent species assignments	GCF_000691165.1, s__Bacillus safensis, 95.0, 97.41, 0.915; GCA_025809375.1, s__Bacillus zhangzhouensis_A, 95.0, 95.08, 0.895; GCF_001307105.1, s__Bacillus australimaris, 95.01, 93.21, 0.898; GCA_030159235.1, s__Bacillus safensis_B, 95.0, 92.76, 0.878; GCF_038738535.1, s__Bacillus sp002998085, 95.0, 92.68, 0.906; GCF_900186955.1, s__Bacillus pumilus, 95.45, 91.65, 0.863; GCF_014764715.1, s__Bacillus sp014764715, 95.0, 91.48, 0.833; GCF_024498355.1, s__Bacillus pumilus_P, 95.0, 91.47, 0.842; GCF_003431975.1, s__Bacillus pumilus_N, 95.0, 91.21, 0.85; GCF_009937765.1, s__Bacillus pumilus_O, 95.0, 90.98, 0.84; GCF_000715205.1, s__Bacillus zhangzhouensis, 95.0, 90.97, 0.841; GCF_002744245.1, s__Bacillus pumilus_M, 95.0, 90.04, 0.782; GCF_000691145.1, s__Bacillus altitudinis, 95.0, 90.0, 0.828; GCF_000300535.1, s__Bacillus xiamenensis, 95.0, 89.89, 0.777; GCF_020524495.1, s__Bacillus stratosphericus_B, 95.0, 89.89, 0.697; GCA_001938995.1, s__Bacillus pumilus_G, 95.0, 86.75, 0.643; GCF_040500475.1, s__Bacillus sp040500475, 95.0, 86.58, 0.585	96.9	11	N/A	N/A
HN00176442_GSY0007	d__Bacteria;p__Bacillota;c__Bacilli;o__Bacillales;f__Bacillaceae;g__Bacillus;s__Bacillus subtilis	GCF_000009045.1	95.0	d__Bacteria;p__Bacillota;c__Bacilli;o__Bacillales;f__Bacillaceae;g__Bacillus;s__Bacillus subtilis	98.75	0.934	GCF_000009045.1	95.0	d__Bacteria;p__Bacillota;c__Bacilli;o__Bacillales;f__Bacillaceae;g__Bacillus;s__Bacillus subtilis	98.75	0.934	d__Bacteria;p__Bacillota;c__Bacilli;o__Bacillales;f__Bacillaceae;g__Bacillus;s__	taxonomic classification defined by topology and ANI	topological placement and ANI have congruent species assignments	GCF_000738015.1, s__Bacillus stercoris, 95.0, 94.83, 0.903; GCF_031316495.1, s__Bacillus spizizenii, 95.0, 92.28, 0.868; GCF_000332645.1, s__Bacillus inaquosorum, 95.0, 92.28, 0.868; GCA_026790065.1, s__Bacillus sp026790065, 95.0, 92.26, 0.87; GCF_004124315.2, s__Bacillus cabrialesii, 95.0, 92.17, 0.862; GCF_011745685.2, s__Bacillus rugosus, 95.0, 92.17, 0.859; GCF_040784915.1, s__Bacillus subtilis_G, 95.0, 91.57, 0.832; GCF_031317525.1, s__Bacillus tequilensis, 95.0, 91.54, 0.82; GCF_004116955.1, s__Bacillus vallismortis, 95.0, 90.96, 0.773; GCA_020223575.2, s__Bacillus mexicanus, 95.0, 90.37, 0.777; GCF_001517105.1, s__Bacillus halotolerans, 95.0, 88.49, 0.743; GCF_031316635.1, s__Bacillus mojavensis, 95.47, 88.08, 0.745; GCF_001584335.1, s__Bacillus atrophaeus, 95.0, 81.55, 0.256; GCF_000196735.1, s__Bacillus amyloliquefaciens, 95.0, 81.28, 0.181; GCF_000262045.1, s__Bacillus siamensis, 95.0, 80.96, 0.193; GCF_001461825.1, s__Bacillus velezensis, 95.0, 80.8, 0.189; GCF_018613535.1, s__Bacillus sp018613535, 95.0, 80.73, 0.197; GCF_001584325.1, s__Bacillus nakamurai, 95.0, 80.68, 0.193	96.19	11	N/A	N/A
HN00176442_GSY0017	d__Bacteria;p__Bacillota;c__Bacilli;o__Bacillales;f__Bacillaceae;g__Bacillus;s__Bacillus velezensis	GCF_001461825.1	95.0	d__Bacteria;p__Bacillota;c__Bacilli;o__Bacillales;f__Bacillaceae;g__Bacillus;s__Bacillus velezensis	97.68	0.943	GCF_001461825.1	95.0	d__Bacteria;p__Bacillota;c__Bacilli;o__Bacillales;f__Bacillaceae;g__Bacillus;s__Bacillus velezensis	97.68	0.943	d__Bacteria;p__Bacillota;c__Bacilli;o__Bacillales;f__Bacillaceae;g__Bacillus;s__	taxonomic classification defined by topology and ANI	topological placement and ANI have congruent species assignments	GCF_000262045.1, s__Bacillus siamensis, 95.0, 94.28, 0.907; GCF_000196735.1, s__Bacillus amyloliquefaciens, 95.0, 93.88, 0.871; GCF_001584325.1, s__Bacillus nakamurai, 95.0, 87.54, 0.681; GCF_018613535.1, s__Bacillus sp018613535, 95.0, 87.39, 0.694; GCF_004124315.2, s__Bacillus cabrialesii, 95.0, 81.41, 0.208; GCF_000009045.1, s__Bacillus subtilis, 95.0, 81.33, 0.187; GCF_040784915.1, s__Bacillus subtilis_G, 95.0, 81.24, 0.186; GCF_031317525.1, s__Bacillus tequilensis, 95.0, 81.09, 0.196; GCF_004116955.1, s__Bacillus vallismortis, 95.0, 80.99, 0.182; GCF_001517105.1, s__Bacillus halotolerans, 95.0, 80.98, 0.206; GCF_000332645.1, s__Bacillus inaquosorum, 95.0, 80.79, 0.196; GCF_031316495.1, s__Bacillus spizizenii, 95.0, 80.79, 0.191; GCA_026790065.1, s__Bacillus sp026790065, 95.0, 80.78, 0.181; GCF_000738015.1, s__Bacillus stercoris, 95.0, 80.57, 0.178; GCF_031316635.1, s__Bacillus mojavensis, 95.47, 80.51, 0.189; GCF_011745685.2, s__Bacillus rugosus, 95.0, 80.45, 0.18; GCF_001584335.1, s__Bacillus atrophaeus, 95.0, 80.16, 0.182; GCA_020223575.2, s__Bacillus mexicanus, 95.0, 80.13, 0.173	95.35	11	N/A	N/A
HN00179262_F4055	d__Bacteria;p__Pseudomonadota;c__Gammaproteobacteria;o__Enterobacterales;f__Enterobacteriaceae;g__Klebsiella;s__Klebsiella pneumoniae	GCF_000742135.1	95.0	d__Bacteria;p__Pseudomonadota;c__Gammaproteobacteria;o__Enterobacterales;f__Enterobacteriaceae;g__Klebsiella;s__Klebsiella pneumoniae	99.03	0.889	GCF_000742135.1	95.0	d__Bacteria;p__Pseudomonadota;c__Gammaproteobacteria;o__Enterobacterales;f__Enterobacteriaceae;g__Klebsiella;s__Klebsiella pneumoniae	99.03	0.889	d__Bacteria;p__Pseudomonadota;c__Gammaproteobacteria;o__Enterobacterales;f__Enterobacteriaceae;g__Klebsiella;s__	taxonomic classification defined by topology and ANI	topological placement and ANI have congruent species assignments	GCF_020526085.1, s__Klebsiella africana, 95.17, 94.97, 0.877; GCF_000828055.2, s__Klebsiella variicola, 95.0, 94.54, 0.868; GCF_002269255.1, s__Klebsiella quasivariicola, 95.0, 94.04, 0.85; GCF_020525925.1, s__Klebsiella quasipneumoniae, 95.0, 93.75, 0.845; GCA_902490055.1, s__Klebsiella sp902490055, 95.0, 87.23, 0.452; GCF_000215745.1, s__Klebsiella aerogenes, 95.0, 86.22, 0.502; GCA_029027985.1, s__Klebsiella aerogenes_A, 95.0, 85.85, 0.472; GCF_002925905.1, s__Klebsiella michiganensis, 95.0, 84.48, 0.471; GCF_900200035.1, s__Klebsiella grimontii, 95.0, 84.48, 0.461; GCF_001598695.1, s__Klebsiella oxytoca, 95.0, 84.29, 0.452; GCF_006539725.1, s__Klebsiella terrigena, 95.0, 84.14, 0.442; GCF_009707385.1, s__Klebsiella oxytoca_C, 95.0, 84.03, 0.414; GCF_004342285.1, s__Klebsiella sp004342285, 95.0, 83.88, 0.412; GCF_036562005.2, s__Klebsiella scottia, 95.0, 83.81, 0.367; GCF_013705725.1, s__Klebsiella sp013705725, 95.0, 83.79, 0.389; GCF_036561965.2, s__Klebsiella lignicola, 95.0, 83.78, 0.401; GCA_039594335.1, s__Klebsiella sp039594335, 95.0, 83.77, 0.345; GCF_003261575.2, s__Klebsiella huaxiensis, 95.0, 83.62, 0.379; GCF_000735435.1, s__Klebsiella planticola, 95.0, 83.61, 0.412; GCA_036498385.1, s__Klebsiella sp036498385, 95.0, 83.61, 0.384; GCF_006711645.1, s__Klebsiella electrica, 95.0, 83.53, 0.374; GCF_001598295.1, s__Klebsiella ornithinolytica, 95.34, 83.51, 0.405; GCF_902158555.1, s__Klebsiella spallanzanii, 95.0, 83.28, 0.402; GCF_005860775.1, s__Klebsiella indica, 95.0, 82.86, 0.3	96.33	11	N/A	N/A
HN00179262_F4206	d__Bacteria;p__Bacillota;c__Bacilli;o__Lactobacillales;f__Lactobacillaceae;g__Pediococcus;s__Pediococcus acidilactici	GCF_000146325.1	95.0	d__Bacteria;p__Bacillota;c__Bacilli;o__Lactobacillales;f__Lactobacillaceae;g__Pediococcus;s__Pediococcus acidilactici	97.49	0.822	GCF_000146325.1	95.0	d__Bacteria;p__Bacillota;c__Bacilli;o__Lactobacillales;f__Lactobacillaceae;g__Pediococcus;s__Pediococcus acidilactici	97.49	0.822	d__Bacteria;p__Bacillota;c__Bacilli;o__Lactobacillales;f__Lactobacillaceae;g__Pediococcus;s__	taxonomic classification defined by topology and ANI	topological placement and ANI have congruent species assignments	GCA_024970065.1, s__Pediococcus acidilactici_A, 95.0, 90.79, 0.707	94.9	11	N/A	N/A
HN00179262_F4454	d__Bacteria;p__Bacillota;c__Bacilli;o__Bacillales;f__Bacillaceae;g__Bacillus;s__Bacillus paralicheniformis	GCF_001042485.2	95.0	d__Bacteria;p__Bacillota;c__Bacilli;o__Bacillales;f__Bacillaceae;g__Bacillus;s__Bacillus paralicheniformis	98.86	0.929	GCF_001042485.2	95.0	d__Bacteria;p__Bacillota;c__Bacilli;o__Bacillales;f__Bacillaceae;g__Bacillus;s__Bacillus paralicheniformis	98.86	0.929	d__Bacteria;p__Bacillota;c__Bacilli;o__Bacillales;f__Bacillaceae;g__Bacillus;s__	taxonomic classification defined by topology and ANI	topological placement and ANI have congruent species assignments	GCF_001969855.1, s__Bacillus haynesii, 95.2, 94.87, 0.9; GCF_000011645.1, s__Bacillus licheniformis, 95.0, 94.43, 0.914; GCF_029537375.1, s__Bacillus sonorensis_A, 95.0, 84.55, 0.436; GCF_001969815.1, s__Bacillus swezeyi, 95.0, 84.49, 0.46; GCF_001592005.1, s__Bacillus sonorensis, 95.0, 83.55, 0.375; GCF_001042475.2, s__Bacillus glycinifermentans, 95.0, 83.2, 0.324	96.94	11	N/A	N/A
HN00179328_F2309-1	d__Bacteria;p__Bacillota;c__Bacilli;o__Bacillales;f__Bacillaceae;g__Bacillus;s__Bacillus altitudinis	GCF_000691145.1	95.0	d__Bacteria;p__Bacillota;c__Bacilli;o__Bacillales;f__Bacillaceae;g__Bacillus;s__Bacillus altitudinis	98.08	0.929	GCF_000691145.1	95.0	d__Bacteria;p__Bacillota;c__Bacilli;o__Bacillales;f__Bacillaceae;g__Bacillus;s__Bacillus altitudinis	98.08	0.929	d__Bacteria;p__Bacillota;c__Bacilli;o__Bacillales;f__Bacillaceae;g__Bacillus;s__	taxonomic classification defined by topology and ANI	topological placement and ANI have congruent species assignments	GCF_000300535.1, s__Bacillus xiamenensis, 95.0, 91.64, 0.831; GCF_024498355.1, s__Bacillus pumilus_P, 95.0, 90.75, 0.812; GCF_014764715.1, s__Bacillus sp014764715, 95.0, 90.71, 0.813; GCF_000715205.1, s__Bacillus zhangzhouensis, 95.0, 90.46, 0.822; GCF_038738535.1, s__Bacillus sp002998085, 95.0, 90.3, 0.825; GCF_000691165.1, s__Bacillus safensis, 95.0, 90.02, 0.794; GCF_900186955.1, s__Bacillus pumilus, 95.45, 90.0, 0.794; GCF_002744245.1, s__Bacillus pumilus_M, 95.0, 89.9, 0.76; GCF_020524495.1, s__Bacillus stratosphericus_B, 95.0, 89.8, 0.694; GCF_003431975.1, s__Bacillus pumilus_N, 95.0, 89.76, 0.773; GCF_001307105.1, s__Bacillus australimaris, 95.01, 89.75, 0.813; GCA_025809375.1, s__Bacillus zhangzhouensis_A, 95.0, 89.65, 0.757; GCF_009937765.1, s__Bacillus pumilus_O, 95.0, 89.61, 0.76; GCA_030159235.1, s__Bacillus safensis_B, 95.0, 89.55, 0.773; GCA_001938995.1, s__Bacillus pumilus_G, 95.0, 86.64, 0.615; GCF_040500475.1, s__Bacillus sp040500475, 95.0, 86.55, 0.565	96.84	11	N/A	N/A
HN00179328_F2317	d__Bacteria;p__Bacillota;c__Bacilli;o__Bacillales;f__Bacillaceae;g__Bacillus;s__Bacillus safensis	GCF_000691165.1	95.0	d__Bacteria;p__Bacillota;c__Bacilli;o__Bacillales;f__Bacillaceae;g__Bacillus;s__Bacillus safensis	95.72	0.915	N/A	N/A	N/A	N/A	N/A	d__Bacteria;p__Bacillota;c__Bacilli;o__Bacillales;f__Bacillaceae;g__Bacillus;s__	taxonomic classification defined by topology and ANI	topological placement and ANI have incongruent species assignments	GCF_000691165.1, s__Bacillus safensis, 95.0, 95.72, 0.915; GCA_025809375.1, s__Bacillus zhangzhouensis_A, 95.0, 94.94, 0.885; GCF_001307105.1, s__Bacillus australimaris, 95.01, 93.58, 0.917; GCA_030159235.1, s__Bacillus safensis_B, 95.0, 92.83, 0.87; GCF_038738535.1, s__Bacillus sp002998085, 95.0, 92.28, 0.888; GCF_900186955.1, s__Bacillus pumilus, 95.45, 91.7, 0.858; GCF_014764715.1, s__Bacillus sp014764715, 95.0, 91.42, 0.842; GCF_024498355.1, s__Bacillus pumilus_P, 95.0, 91.26, 0.84; GCF_003431975.1, s__Bacillus pumilus_N, 95.0, 91.25, 0.839; GCF_009937765.1, s__Bacillus pumilus_O, 95.0, 91.0, 0.843; GCF_000715205.1, s__Bacillus zhangzhouensis, 95.0, 90.94, 0.838; GCF_000691145.1, s__Bacillus altitudinis, 95.0, 90.04, 0.817; GCF_000300535.1, s__Bacillus xiamenensis, 95.0, 89.89, 0.777; GCF_002744245.1, s__Bacillus pumilus_M, 95.0, 89.88, 0.754; GCF_020524495.1, s__Bacillus stratosphericus_B, 95.0, 89.65, 0.682; GCF_040500475.1, s__Bacillus sp040500475, 95.0, 86.62, 0.583; GCA_001938995.1, s__Bacillus pumilus_G, 95.0, 86.6, 0.614	96.9	11	N/A	N/A
HN00179328_K040706	d__Bacteria;p__Bacillota;c__Bacilli;o__Lactobacillales;f__Lactobacillaceae;g__Latilactobacillus;s__Latilactobacillus sakei	GCF_002370355.1	95.0	d__Bacteria;p__Bacillota;c__Bacilli;o__Lactobacillales;f__Lactobacillaceae;g__Latilactobacillus;s__Latilactobacillus sakei	98.75	0.94	GCF_002370355.1	95.0	d__Bacteria;p__Bacillota;c__Bacilli;o__Lactobacillales;f__Lactobacillaceae;g__Latilactobacillus;s__Latilactobacillus sakei	98.75	0.94	d__Bacteria;p__Bacillota;c__Bacilli;o__Lactobacillales;f__Lactobacillaceae;g__Latilactobacillus;s__	taxonomic classification defined by topology and ANI	topological placement and ANI have congruent species assignments	GCA_002953655.1, s__Latilactobacillus sakei_A, 95.0, 93.21, 0.813; GCF_004101845.1, s__Latilactobacillus curvatus, 95.0, 83.99, 0.225; GCF_905332535.1, s__Latilactobacillus fragifolii, 95.0, 81.41, 0.17	96.17	11	N/A	N/A
HN00179328_KMGR2-43	d__Bacteria;p__Bacillota;c__Bacilli;o__Lactobacillales;f__Streptococcaceae;g__Lactococcus;s__Lactococcus lactis	GCF_029023865.1	95.0	d__Bacteria;p__Bacillota;c__Bacilli;o__Lactobacillales;f__Streptococcaceae;g__Lactococcus;s__Lactococcus lactis	98.19	0.841	GCF_029023865.1	95.0	d__Bacteria;p__Bacillota;c__Bacilli;o__Lactobacillales;f__Streptococcaceae;g__Lactococcus;s__Lactococcus lactis	98.19	0.841	d__Bacteria;p__Bacillota;c__Bacilli;o__Lactobacillales;f__Streptococcaceae;g__Lactococcus;s__	taxonomic classification defined by topology and ANI	topological placement and ANI have congruent species assignments	GCF_001591705.1, s__Lactococcus cremoris, 95.0, 88.17, 0.586; GCF_014905395.1, s__Lactococcus taiwanensis, 95.0, 85.6, 0.204	97.48	11	N/A	N/A
HN00180670_CHKJ1115-02	d__Bacteria;p__Bacillota;c__Bacilli;o__Lactobacillales;f__Enterococcaceae;g__Enterococcus_B;s__Enterococcus_B lactis	GCF_015751045.1	95.0	d__Bacteria;p__Bacillota;c__Bacilli;o__Lactobacillales;f__Enterococcaceae;g__Enterococcus_B;s__Enterococcus_B lactis	97.68	0.832	GCF_015751045.1	95.0	d__Bacteria;p__Bacillota;c__Bacilli;o__Lactobacillales;f__Enterococcaceae;g__Enterococcus_B;s__Enterococcus_B lactis	97.68	0.832	d__Bacteria;p__Bacillota;c__Bacilli;o__Lactobacillales;f__Enterococcaceae;g__Enterococcus_B;s__	taxonomic classification defined by topology and ANI	topological placement and ANI have congruent species assignments	GCF_029023785.1, s__Enterococcus_B faecium, 95.0, 94.94, 0.835; GCF_011038845.1, s__Enterococcus_B sp011038845, 95.0, 81.79, 0.161	96.74	11	N/A	N/A
HN00180670_CHKJ1127	d__Bacteria;p__Bacillota;c__Bacilli;o__Lactobacillales;f__Enterococcaceae;g__Enterococcus_B;s__Enterococcus_B lactis	GCF_015751045.1	95.0	d__Bacteria;p__Bacillota;c__Bacilli;o__Lactobacillales;f__Enterococcaceae;g__Enterococcus_B;s__Enterococcus_B lactis	98.2	0.824	GCF_015751045.1	95.0	d__Bacteria;p__Bacillota;c__Bacilli;o__Lactobacillales;f__Enterococcaceae;g__Enterococcus_B;s__Enterococcus_B lactis	98.2	0.824	d__Bacteria;p__Bacillota;c__Bacilli;o__Lactobacillales;f__Enterococcaceae;g__Enterococcus_B;s__	taxonomic classification defined by topology and ANI	topological placement and ANI have congruent species assignments	GCF_029023785.1, s__Enterococcus_B faecium, 95.0, 94.62, 0.814; GCF_011038845.1, s__Enterococcus_B sp011038845, 95.0, 81.62, 0.152	96.76	11	N/A	N/A
HN00180670_CHKJ1223-2	d__Bacteria;p__Bacillota;c__Bacilli;o__Lactobacillales;f__Enterococcaceae;g__Enterococcus_B;s__Enterococcus_B lactis	GCF_015751045.1	95.0	d__Bacteria;p__Bacillota;c__Bacilli;o__Lactobacillales;f__Enterococcaceae;g__Enterococcus_B;s__Enterococcus_B lactis	98.14	0.829	GCF_015751045.1	95.0	d__Bacteria;p__Bacillota;c__Bacilli;o__Lactobacillales;f__Enterococcaceae;g__Enterococcus_B;s__Enterococcus_B lactis	98.14	0.829	d__Bacteria;p__Bacillota;c__Bacilli;o__Lactobacillales;f__Enterococcaceae;g__Enterococcus_B;s__	taxonomic classification defined by topology and ANI	topological placement and ANI have congruent species assignments	GCF_029023785.1, s__Enterococcus_B faecium, 95.0, 94.73, 0.838; GCF_011038845.1, s__Enterococcus_B sp011038845, 95.0, 81.31, 0.159	96.8	11	N/A	N/A
HN00180670_F2080	d__Bacteria;p__Bacillota;c__Bacilli;o__Lactobacillales;f__Enterococcaceae;g__Enterococcus_B;s__Enterococcus_B lactis	GCF_015751045.1	95.0	d__Bacteria;p__Bacillota;c__Bacilli;o__Lactobacillales;f__Enterococcaceae;g__Enterococcus_B;s__Enterococcus_B lactis	98.47	0.872	GCF_015751045.1	95.0	d__Bacteria;p__Bacillota;c__Bacilli;o__Lactobacillales;f__Enterococcaceae;g__Enterococcus_B;s__Enterococcus_B lactis	98.47	0.872	d__Bacteria;p__Bacillota;c__Bacilli;o__Lactobacillales;f__Enterococcaceae;g__Enterococcus_B;s__	taxonomic classification defined by topology and ANI	topological placement and ANI have congruent species assignments	GCF_029023785.1, s__Enterococcus_B faecium, 95.0, 94.5, 0.828; GCF_011038845.1, s__Enterococcus_B sp011038845, 95.0, 81.11, 0.16	96.82	11	N/A	N/A
HN00180670_F2121	d__Bacteria;p__Bacillota;c__Bacilli;o__Lactobacillales;f__Enterococcaceae;g__Enterococcus_B;s__Enterococcus_B lactis	GCF_015751045.1	95.0	d__Bacteria;p__Bacillota;c__Bacilli;o__Lactobacillales;f__Enterococcaceae;g__Enterococcus_B;s__Enterococcus_B lactis	98.47	0.871	GCF_015751045.1	95.0	d__Bacteria;p__Bacillota;c__Bacilli;o__Lactobacillales;f__Enterococcaceae;g__Enterococcus_B;s__Enterococcus_B lactis	98.47	0.871	d__Bacteria;p__Bacillota;c__Bacilli;o__Lactobacillales;f__Enterococcaceae;g__Enterococcus_B;s__	taxonomic classification defined by topology and ANI	topological placement and ANI have congruent species assignments	GCF_029023785.1, s__Enterococcus_B faecium, 95.0, 94.5, 0.828; GCF_011038845.1, s__Enterococcus_B sp011038845, 95.0, 81.13, 0.161	96.82	11	N/A	N/A
HN00180670_K40327	d__Bacteria;p__Bacillota;c__Bacilli;o__Lactobacillales;f__Enterococcaceae;g__Enterococcus;s__Enterococcus faecalis	GCF_029024925.1	95.0	d__Bacteria;p__Bacillota;c__Bacilli;o__Lactobacillales;f__Enterococcaceae;g__Enterococcus;s__Enterococcus faecalis	98.75	0.917	GCF_029024925.1	95.0	d__Bacteria;p__Bacillota;c__Bacilli;o__Lactobacillales;f__Enterococcaceae;g__Enterococcus;s__Enterococcus faecalis	98.75	0.917	d__Bacteria;p__Bacillota;c__Bacilli;o__Lactobacillales;f__Enterococcaceae;g__Enterococcus;s__	taxonomic classification defined by topology and ANI	topological placement and ANI have congruent species assignments	N/A	96.43	11	N/A	N/A
HN00180670_MK1-10	d__Bacteria;p__Bacillota;c__Bacilli;o__Lactobacillales;f__Enterococcaceae;g__Enterococcus_B;s__Enterococcus_B faecium	GCF_029023785.1	95.0	d__Bacteria;p__Bacillota;c__Bacilli;o__Lactobacillales;f__Enterococcaceae;g__Enterococcus_B;s__Enterococcus_B faecium	99.28	0.943	GCF_029023785.1	95.0	d__Bacteria;p__Bacillota;c__Bacilli;o__Lactobacillales;f__Enterococcaceae;g__Enterococcus_B;s__Enterococcus_B faecium	99.28	0.943	d__Bacteria;p__Bacillota;c__Bacilli;o__Lactobacillales;f__Enterococcaceae;g__Enterococcus_B;s__	taxonomic classification defined by topology and ANI	topological placement and ANI have congruent species assignments	GCF_015751045.1, s__Enterococcus_B lactis, 95.0, 94.35, 0.82; GCF_001544215.1, s__Enterococcus_B durans, 95.0, 82.64, 0.151; GCF_011038845.1, s__Enterococcus_B sp011038845, 95.0, 81.37, 0.173	96.82	11	N/A	N/A
HN00180670_MK1-12	d__Bacteria;p__Bacillota;c__Bacilli;o__Lactobacillales;f__Enterococcaceae;g__Enterococcus_B;s__Enterococcus_B lactis	GCF_015751045.1	95.0	d__Bacteria;p__Bacillota;c__Bacilli;o__Lactobacillales;f__Enterococcaceae;g__Enterococcus_B;s__Enterococcus_B lactis	98.21	0.858	GCF_015751045.1	95.0	d__Bacteria;p__Bacillota;c__Bacilli;o__Lactobacillales;f__Enterococcaceae;g__Enterococcus_B;s__Enterococcus_B lactis	98.21	0.858	d__Bacteria;p__Bacillota;c__Bacilli;o__Lactobacillales;f__Enterococcaceae;g__Enterococcus_B;s__	taxonomic classification defined by topology and ANI	topological placement and ANI have congruent species assignments	GCF_029023785.1, s__Enterococcus_B faecium, 95.0, 94.38, 0.821; GCF_011038845.1, s__Enterococcus_B sp011038845, 95.0, 81.53, 0.165	96.76	11	N/A	N/A
HN00180670_MK1-13	d__Bacteria;p__Bacillota;c__Bacilli;o__Lactobacillales;f__Enterococcaceae;g__Enterococcus;s__Enterococcus faecalis	GCF_029024925.1	95.0	d__Bacteria;p__Bacillota;c__Bacilli;o__Lactobacillales;f__Enterococcaceae;g__Enterococcus;s__Enterococcus faecalis	98.65	0.892	GCF_029024925.1	95.0	d__Bacteria;p__Bacillota;c__Bacilli;o__Lactobacillales;f__Enterococcaceae;g__Enterococcus;s__Enterococcus faecalis	98.65	0.892	d__Bacteria;p__Bacillota;c__Bacilli;o__Lactobacillales;f__Enterococcaceae;g__Enterococcus;s__	taxonomic classification defined by topology and ANI	topological placement and ANI have congruent species assignments	N/A	96.17	11	N/A	N/A
HN00180670_MK1-18	d__Bacteria;p__Bacillota;c__Bacilli;o__Lactobacillales;f__Enterococcaceae;g__Enterococcus_B;s__Enterococcus_B faecium	GCF_029023785.1	95.0	d__Bacteria;p__Bacillota;c__Bacilli;o__Lactobacillales;f__Enterococcaceae;g__Enterococcus_B;s__Enterococcus_B faecium	98.97	0.891	GCF_029023785.1	95.0	d__Bacteria;p__Bacillota;c__Bacilli;o__Lactobacillales;f__Enterococcaceae;g__Enterococcus_B;s__Enterococcus_B faecium	98.97	0.891	d__Bacteria;p__Bacillota;c__Bacilli;o__Lactobacillales;f__Enterococcaceae;g__Enterococcus_B;s__	taxonomic classification defined by topology and ANI	topological placement and ANI have congruent species assignments	GCF_015751045.1, s__Enterococcus_B lactis, 95.0, 94.35, 0.817; GCF_001544215.1, s__Enterococcus_B durans, 95.0, 82.56, 0.152; GCF_011038845.1, s__Enterococcus_B sp011038845, 95.0, 81.36, 0.174	97.34	11	N/A	N/A
HN00180670_MK1-34	d__Bacteria;p__Bacillota;c__Bacilli;o__Lactobacillales;f__Enterococcaceae;g__Enterococcus;s__Enterococcus faecalis	GCF_029024925.1	95.0	d__Bacteria;p__Bacillota;c__Bacilli;o__Lactobacillales;f__Enterococcaceae;g__Enterococcus;s__Enterococcus faecalis	98.91	0.89	GCF_029024925.1	95.0	d__Bacteria;p__Bacillota;c__Bacilli;o__Lactobacillales;f__Enterococcaceae;g__Enterococcus;s__Enterococcus faecalis	98.91	0.89	d__Bacteria;p__Bacillota;c__Bacilli;o__Lactobacillales;f__Enterococcaceae;g__Enterococcus;s__	taxonomic classification defined by topology and ANI	topological placement and ANI have congruent species assignments	N/A	96.31	11	N/A	N/A
HN00180670_MK1-9	d__Bacteria;p__Bacillota;c__Bacilli;o__Lactobacillales;f__Enterococcaceae;g__Enterococcus;s__Enterococcus faecalis	GCF_029024925.1	95.0	d__Bacteria;p__Bacillota;c__Bacilli;o__Lactobacillales;f__Enterococcaceae;g__Enterococcus;s__Enterococcus faecalis	98.65	0.892	GCF_029024925.1	95.0	d__Bacteria;p__Bacillota;c__Bacilli;o__Lactobacillales;f__Enterococcaceae;g__Enterococcus;s__Enterococcus faecalis	98.65	0.892	d__Bacteria;p__Bacillota;c__Bacilli;o__Lactobacillales;f__Enterococcaceae;g__Enterococcus;s__	taxonomic classification defined by topology and ANI	topological placement and ANI have congruent species assignments	N/A	96.17	11	N/A	N/A
HN00180670_MK2-12	d__Bacteria;p__Bacillota;c__Bacilli;o__Lactobacillales;f__Enterococcaceae;g__Enterococcus;s__Enterococcus faecalis	GCF_029024925.1	95.0	d__Bacteria;p__Bacillota;c__Bacilli;o__Lactobacillales;f__Enterococcaceae;g__Enterococcus;s__Enterococcus faecalis	98.55	0.868	GCF_029024925.1	95.0	d__Bacteria;p__Bacillota;c__Bacilli;o__Lactobacillales;f__Enterococcaceae;g__Enterococcus;s__Enterococcus faecalis	98.55	0.868	d__Bacteria;p__Bacillota;c__Bacilli;o__Lactobacillales;f__Enterococcaceae;g__Enterococcus;s__	taxonomic classification defined by topology and ANI	topological placement and ANI have congruent species assignments	N/A	96.43	11	N/A	N/A
HN00180670_MK2-3	d__Bacteria;p__Bacillota;c__Bacilli;o__Lactobacillales;f__Enterococcaceae;g__Enterococcus;s__Enterococcus faecalis	GCF_029024925.1	95.0	d__Bacteria;p__Bacillota;c__Bacilli;o__Lactobacillales;f__Enterococcaceae;g__Enterococcus;s__Enterococcus faecalis	98.62	0.897	GCF_029024925.1	95.0	d__Bacteria;p__Bacillota;c__Bacilli;o__Lactobacillales;f__Enterococcaceae;g__Enterococcus;s__Enterococcus faecalis	98.62	0.897	d__Bacteria;p__Bacillota;c__Bacilli;o__Lactobacillales;f__Enterococcaceae;g__Enterococcus;s__	taxonomic classification defined by topology and ANI	topological placement and ANI have congruent species assignments	N/A	96.43	11	N/A	N/A
HN00180670_MK2-6	d__Bacteria;p__Bacillota;c__Bacilli;o__Lactobacillales;f__Enterococcaceae;g__Enterococcus;s__Enterococcus faecalis	GCF_029024925.1	95.0	d__Bacteria;p__Bacillota;c__Bacilli;o__Lactobacillales;f__Enterococcaceae;g__Enterococcus;s__Enterococcus faecalis	98.65	0.892	GCF_029024925.1	95.0	d__Bacteria;p__Bacillota;c__Bacilli;o__Lactobacillales;f__Enterococcaceae;g__Enterococcus;s__Enterococcus faecalis	98.65	0.892	d__Bacteria;p__Bacillota;c__Bacilli;o__Lactobacillales;f__Enterococcaceae;g__Enterococcus;s__	taxonomic classification defined by topology and ANI	topological placement and ANI have congruent species assignments	N/A	96.17	11	N/A	N/A
HN00195341_AMT-61016	d__Bacteria;p__Bacillota;c__Bacilli;o__Lactobacillales;f__Lactobacillaceae;g__Levilactobacillus;s__Levilactobacillus brevis	GCF_001433855.1	95.0	d__Bacteria;p__Bacillota;c__Bacilli;o__Lactobacillales;f__Lactobacillaceae;g__Levilactobacillus;s__Levilactobacillus brevis	97.22	0.849	GCF_001433855.1	95.0	d__Bacteria;p__Bacillota;c__Bacilli;o__Lactobacillales;f__Lactobacillaceae;g__Levilactobacillus;s__Levilactobacillus brevis	97.22	0.849	d__Bacteria;p__Bacillota;c__Bacilli;o__Lactobacillales;f__Lactobacillaceae;g__Levilactobacillus;s__	taxonomic classification defined by topology and ANI	topological placement and ANI have congruent species assignments	N/A	95.75	11	N/A	N/A
HN00195341_CHKJ1253026	d__Bacteria;p__Bacillota;c__Bacilli;o__Bacillales;f__Bacillaceae;g__Bacillus;s__Bacillus subtilis	GCF_000009045.1	95.0	d__Bacteria;p__Bacillota;c__Bacilli;o__Bacillales;f__Bacillaceae;g__Bacillus;s__Bacillus subtilis	98.97	0.967	GCF_000009045.1	95.0	d__Bacteria;p__Bacillota;c__Bacilli;o__Bacillales;f__Bacillaceae;g__Bacillus;s__Bacillus subtilis	98.97	0.967	d__Bacteria;p__Bacillota;c__Bacilli;o__Bacillales;f__Bacillaceae;g__Bacillus;s__	taxonomic classification defined by topology and ANI	topological placement and ANI have congruent species assignments	GCF_000738015.1, s__Bacillus stercoris, 95.0, 94.83, 0.904; GCF_000332645.1, s__Bacillus inaquosorum, 95.0, 92.45, 0.876; GCF_004124315.2, s__Bacillus cabrialesii, 95.0, 92.35, 0.883; GCF_031316495.1, s__Bacillus spizizenii, 95.0, 92.19, 0.861; GCF_011745685.2, s__Bacillus rugosus, 95.0, 92.18, 0.872; GCA_026790065.1, s__Bacillus sp026790065, 95.0, 92.07, 0.861; GCF_031317525.1, s__Bacillus tequilensis, 95.0, 91.54, 0.812; GCF_040784915.1, s__Bacillus subtilis_G, 95.0, 91.53, 0.834; GCF_004116955.1, s__Bacillus vallismortis, 95.0, 90.82, 0.783; GCA_020223575.2, s__Bacillus mexicanus, 95.0, 90.37, 0.777; GCF_001517105.1, s__Bacillus halotolerans, 95.0, 88.49, 0.753; GCF_031316635.1, s__Bacillus mojavensis, 95.47, 88.17, 0.751; GCF_001584335.1, s__Bacillus atrophaeus, 95.0, 81.65, 0.268; GCF_000196735.1, s__Bacillus amyloliquefaciens, 95.0, 81.17, 0.176; GCF_000262045.1, s__Bacillus siamensis, 95.0, 80.86, 0.19; GCF_018613535.1, s__Bacillus sp018613535, 95.0, 80.84, 0.208; GCF_001461825.1, s__Bacillus velezensis, 95.0, 80.69, 0.181; GCF_001584325.1, s__Bacillus nakamurai, 95.0, 80.56, 0.195	96.19	11	N/A	N/A
HN00195341_DK250101	d__Bacteria;p__Bacillota;c__Bacilli;o__Lactobacillales;f__Lactobacillaceae;g__Weissella;s__Weissella cibaria	GCF_000193635.1	95.0	d__Bacteria;p__Bacillota;c__Bacilli;o__Lactobacillales;f__Lactobacillaceae;g__Weissella;s__Weissella cibaria	96.77	0.914	GCF_000193635.1	95.0	d__Bacteria;p__Bacillota;c__Bacilli;o__Lactobacillales;f__Lactobacillaceae;g__Weissella;s__Weissella cibaria	96.77	0.914	d__Bacteria;p__Bacillota;c__Bacilli;o__Lactobacillales;f__Lactobacillaceae;g__Weissella;s__	taxonomic classification defined by topology and ANI	topological placement and ANI have congruent species assignments	GCF_004521965.1, s__Weissella cibaria_A, 95.0, 93.52, 0.839; GCA_041871065.1, s__Weissella confusa_A, 95.0, 83.64, 0.223; GCF_025908565.2, s__Weissella fermenti, 95.0, 82.93, 0.188; GCF_007991875.1, s__Weissella confusa, 95.0, 82.37, 0.192	94.76	11	N/A	N/A
HN00195341_DK250105	d__Bacteria;p__Bacillota;c__Bacilli;o__Lactobacillales;f__Lactobacillaceae;g__Leuconostoc;s__Leuconostoc suionicum	GCF_001891125.1	95.0	d__Bacteria;p__Bacillota;c__Bacilli;o__Lactobacillales;f__Lactobacillaceae;g__Leuconostoc;s__Leuconostoc suionicum	98.66	0.896	GCF_001891125.1	95.0	d__Bacteria;p__Bacillota;c__Bacilli;o__Lactobacillales;f__Lactobacillaceae;g__Leuconostoc;s__Leuconostoc suionicum	98.66	0.896	d__Bacteria;p__Bacillota;c__Bacilli;o__Lactobacillales;f__Lactobacillaceae;g__Leuconostoc;s__	taxonomic classification defined by topology and ANI	topological placement and ANI have congruent species assignments	GCF_000014445.1, s__Leuconostoc mesenteroides, 95.0, 94.43, 0.786; GCA_009676745.1, s__Leuconostoc mesenteroides_B, 95.0, 90.05, 0.723; GCF_008107645.1, s__Leuconostoc litchii, 95.0, 82.07, 0.273	95.12	11	N/A	N/A
HN00195341_DK250126	d__Bacteria;p__Bacillota;c__Bacilli;o__Lactobacillales;f__Lactobacillaceae;g__Lactiplantibacillus;s__Lactiplantibacillus plantarum	GCF_014131735.1	95.0	d__Bacteria;p__Bacillota;c__Bacilli;o__Lactobacillales;f__Lactobacillaceae;g__Lactiplantibacillus;s__Lactiplantibacillus plantarum	98.95	0.866	GCF_014131735.1	95.0	d__Bacteria;p__Bacillota;c__Bacilli;o__Lactobacillales;f__Lactobacillaceae;g__Lactiplantibacillus;s__Lactiplantibacillus plantarum	98.95	0.866	d__Bacteria;p__Bacillota;c__Bacilli;o__Lactobacillales;f__Lactobacillaceae;g__Lactiplantibacillus;s__	taxonomic classification defined by topology and ANI	topological placement and ANI have congruent species assignments	GCF_032681335.1, s__Lactiplantibacillus sp032681335, 95.0, 90.41, 0.593; GCF_003641145.1, s__Lactiplantibacillus paraplantarum, 95.0, 88.4, 0.536; GCF_003641185.1, s__Lactiplantibacillus pentosus, 95.0, 83.1, 0.234; GCA_000463075.2, s__Lactiplantibacillus plantarum_A, 95.0, 82.37, 0.206	94.12	11	N/A	N/A
HN00195341_DK250312	d__Bacteria;p__Bacillota;c__Bacilli;o__Lactobacillales;f__Lactobacillaceae;g__Lactiplantibacillus;s__Lactiplantibacillus plantarum	GCF_014131735.1	95.0	d__Bacteria;p__Bacillota;c__Bacilli;o__Lactobacillales;f__Lactobacillaceae;g__Lactiplantibacillus;s__Lactiplantibacillus plantarum	98.95	0.867	GCF_014131735.1	95.0	d__Bacteria;p__Bacillota;c__Bacilli;o__Lactobacillales;f__Lactobacillaceae;g__Lactiplantibacillus;s__Lactiplantibacillus plantarum	98.95	0.867	d__Bacteria;p__Bacillota;c__Bacilli;o__Lactobacillales;f__Lactobacillaceae;g__Lactiplantibacillus;s__	taxonomic classification defined by topology and ANI	topological placement and ANI have congruent species assignments	GCF_032681335.1, s__Lactiplantibacillus sp032681335, 95.0, 90.41, 0.593; GCF_003641145.1, s__Lactiplantibacillus paraplantarum, 95.0, 88.3, 0.539; GCF_003641185.1, s__Lactiplantibacillus pentosus, 95.0, 83.18, 0.237; GCA_000463075.2, s__Lactiplantibacillus plantarum_A, 95.0, 82.38, 0.207	94.12	11	N/A	N/A
HN00195341_DK50004	d__Bacteria;p__Bacillota;c__Bacilli;o__Lactobacillales;f__Lactobacillaceae;g__Lactiplantibacillus;s__Lactiplantibacillus plantarum	GCF_014131735.1	95.0	d__Bacteria;p__Bacillota;c__Bacilli;o__Lactobacillales;f__Lactobacillaceae;g__Lactiplantibacillus;s__Lactiplantibacillus plantarum	98.95	0.867	GCF_014131735.1	95.0	d__Bacteria;p__Bacillota;c__Bacilli;o__Lactobacillales;f__Lactobacillaceae;g__Lactiplantibacillus;s__Lactiplantibacillus plantarum	98.95	0.867	d__Bacteria;p__Bacillota;c__Bacilli;o__Lactobacillales;f__Lactobacillaceae;g__Lactiplantibacillus;s__	taxonomic classification defined by topology and ANI	topological placement and ANI have congruent species assignments	GCF_032681335.1, s__Lactiplantibacillus sp032681335, 95.0, 90.41, 0.593; GCF_003641145.1, s__Lactiplantibacillus paraplantarum, 95.0, 88.36, 0.533; GCF_003641185.1, s__Lactiplantibacillus pentosus, 95.0, 83.17, 0.235; GCA_000463075.2, s__Lactiplantibacillus plantarum_A, 95.0, 82.37, 0.207	94.12	11	N/A	N/A
HN00195341_DK50032	d__Bacteria;p__Bacillota;c__Bacilli;o__Lactobacillales;f__Lactobacillaceae;g__Levilactobacillus;s__Levilactobacillus brevis	GCF_001433855.1	95.0	d__Bacteria;p__Bacillota;c__Bacilli;o__Lactobacillales;f__Lactobacillaceae;g__Levilactobacillus;s__Levilactobacillus brevis	97.26	0.857	GCF_001433855.1	95.0	d__Bacteria;p__Bacillota;c__Bacilli;o__Lactobacillales;f__Lactobacillaceae;g__Levilactobacillus;s__Levilactobacillus brevis	97.26	0.857	d__Bacteria;p__Bacillota;c__Bacilli;o__Lactobacillales;f__Lactobacillaceae;g__Levilactobacillus;s__	taxonomic classification defined by topology and ANI	topological placement and ANI have congruent species assignments	N/A	94.7	11	N/A	N/A
HN00195341_G2-10	d__Bacteria;p__Bacillota;c__Bacilli;o__Lactobacillales;f__Lactobacillaceae;g__Pediococcus;s__Pediococcus pentosaceus	GCF_001437285.1	95.0	d__Bacteria;p__Bacillota;c__Bacilli;o__Lactobacillales;f__Lactobacillaceae;g__Pediococcus;s__Pediococcus pentosaceus	98.8	0.907	GCF_001437285.1	95.0	d__Bacteria;p__Bacillota;c__Bacilli;o__Lactobacillales;f__Lactobacillaceae;g__Pediococcus;s__Pediococcus pentosaceus	98.8	0.907	d__Bacteria;p__Bacillota;c__Bacilli;o__Lactobacillales;f__Lactobacillaceae;g__Pediococcus;s__	taxonomic classification defined by topology and ANI	topological placement and ANI have congruent species assignments	GCA_022712335.1, s__Pediococcus sp022712335, 95.0, 86.21, 0.38	95.73	11	N/A	N/A
HN00195341_G3-29	d__Bacteria;p__Bacillota;c__Bacilli;o__Lactobacillales;f__Lactobacillaceae;g__Leuconostoc;s__Leuconostoc mesenteroides	GCF_000014445.1	95.0	d__Bacteria;p__Bacillota;c__Bacilli;o__Lactobacillales;f__Lactobacillaceae;g__Leuconostoc;s__Leuconostoc mesenteroides	98.92	0.894	GCF_000014445.1	95.0	d__Bacteria;p__Bacillota;c__Bacilli;o__Lactobacillales;f__Lactobacillaceae;g__Leuconostoc;s__Leuconostoc mesenteroides	98.92	0.894	d__Bacteria;p__Bacillota;c__Bacilli;o__Lactobacillales;f__Lactobacillaceae;g__Leuconostoc;s__	taxonomic classification defined by topology and ANI	topological placement and ANI have congruent species assignments	GCF_001891125.1, s__Leuconostoc suionicum, 95.0, 93.92, 0.811; GCA_009676745.1, s__Leuconostoc mesenteroides_B, 95.0, 91.6, 0.812; GCF_008107645.1, s__Leuconostoc litchii, 95.0, 82.43, 0.286	94.48	11	N/A	N/A
HN00195341_JJ1-135	d__Bacteria;p__Bacillota;c__Bacilli;o__Lactobacillales;f__Lactobacillaceae;g__Pediococcus;s__Pediococcus acidilactici	GCF_000146325.1	95.0	d__Bacteria;p__Bacillota;c__Bacilli;o__Lactobacillales;f__Lactobacillaceae;g__Pediococcus;s__Pediococcus acidilactici	97.35	0.875	GCF_000146325.1	95.0	d__Bacteria;p__Bacillota;c__Bacilli;o__Lactobacillales;f__Lactobacillaceae;g__Pediococcus;s__Pediococcus acidilactici	97.35	0.875	d__Bacteria;p__Bacillota;c__Bacilli;o__Lactobacillales;f__Lactobacillaceae;g__Pediococcus;s__	taxonomic classification defined by topology and ANI	topological placement and ANI have congruent species assignments	GCA_024970065.1, s__Pediococcus acidilactici_A, 95.0, 91.0, 0.728	94.84	11	N/A	N/A
HN00196390_AMT-60411	d__Bacteria;p__Bacillota;c__Bacilli;o__Lactobacillales;f__Lactobacillaceae;g__Leuconostoc;s__Leuconostoc suionicum	GCF_001891125.1	95.0	d__Bacteria;p__Bacillota;c__Bacilli;o__Lactobacillales;f__Lactobacillaceae;g__Leuconostoc;s__Leuconostoc suionicum	99.13	0.907	GCF_001891125.1	95.0	d__Bacteria;p__Bacillota;c__Bacilli;o__Lactobacillales;f__Lactobacillaceae;g__Leuconostoc;s__Leuconostoc suionicum	99.13	0.907	d__Bacteria;p__Bacillota;c__Bacilli;o__Lactobacillales;f__Lactobacillaceae;g__Leuconostoc;s__	taxonomic classification defined by topology and ANI	topological placement and ANI have congruent species assignments	GCF_000014445.1, s__Leuconostoc mesenteroides, 95.0, 94.31, 0.795; GCA_009676745.1, s__Leuconostoc mesenteroides_B, 95.0, 89.87, 0.723; GCF_008107645.1, s__Leuconostoc litchii, 95.0, 82.24, 0.277	95.37	11	N/A	N/A
HN00196390_CHKJ1122	d__Bacteria;p__Bacillota;c__Bacilli;o__Lactobacillales;f__Enterococcaceae;g__Enterococcus_B;s__Enterococcus_B lactis	GCF_015751045.1	95.0	d__Bacteria;p__Bacillota;c__Bacilli;o__Lactobacillales;f__Enterococcaceae;g__Enterococcus_B;s__Enterococcus_B lactis	98.2	0.824	GCF_015751045.1	95.0	d__Bacteria;p__Bacillota;c__Bacilli;o__Lactobacillales;f__Enterococcaceae;g__Enterococcus_B;s__Enterococcus_B lactis	98.2	0.824	d__Bacteria;p__Bacillota;c__Bacilli;o__Lactobacillales;f__Enterococcaceae;g__Enterococcus_B;s__	taxonomic classification defined by topology and ANI	topological placement and ANI have congruent species assignments	GCF_029023785.1, s__Enterococcus_B faecium, 95.0, 94.62, 0.814; GCF_011038845.1, s__Enterococcus_B sp011038845, 95.0, 81.61, 0.151	96.76	11	N/A	N/A
HN00196390_DK250125	d__Bacteria;p__Bacillota;c__Bacilli;o__Lactobacillales;f__Lactobacillaceae;g__Weissella;s__Weissella confusa	GCF_007991875.1	95.0	d__Bacteria;p__Bacillota;c__Bacilli;o__Lactobacillales;f__Lactobacillaceae;g__Weissella;s__Weissella confusa	97.85	0.901	N/A	N/A	N/A	N/A	N/A	d__Bacteria;p__Bacillota;c__Bacilli;o__Lactobacillales;f__Lactobacillaceae;g__Weissella;s__	taxonomic classification defined by topology and ANI	topological placement and ANI have incongruent species assignments	GCF_007991875.1, s__Weissella confusa, 95.0, 97.85, 0.901; GCA_014332815.1, s__Weissella confusa_C, 95.0, 96.64, 0.607; GCF_025908565.2, s__Weissella fermenti, 95.0, 93.21, 0.77; GCA_041871065.1, s__Weissella confusa_A, 95.0, 92.51, 0.762; GCF_000193635.1, s__Weissella cibaria, 95.0, 83.23, 0.19; GCF_004521965.1, s__Weissella cibaria_A, 95.0, 81.76, 0.171	94.6	11	N/A	N/A
HN00196390_F2132	d__Bacteria;p__Bacillota;c__Bacilli;o__Bacillales;f__Bacillaceae;g__Bacillus;s__Bacillus velezensis	GCF_001461825.1	95.0	d__Bacteria;p__Bacillota;c__Bacilli;o__Bacillales;f__Bacillaceae;g__Bacillus;s__Bacillus velezensis	98.51	0.907	GCF_001461825.1	95.0	d__Bacteria;p__Bacillota;c__Bacilli;o__Bacillales;f__Bacillaceae;g__Bacillus;s__Bacillus velezensis	98.51	0.907	d__Bacteria;p__Bacillota;c__Bacilli;o__Bacillales;f__Bacillaceae;g__Bacillus;s__	taxonomic classification defined by topology and ANI	topological placement and ANI have congruent species assignments	GCF_000262045.1, s__Bacillus siamensis, 95.0, 94.05, 0.882; GCF_000196735.1, s__Bacillus amyloliquefaciens, 95.0, 93.92, 0.837; GCF_001584325.1, s__Bacillus nakamurai, 95.0, 87.67, 0.685; GCF_018613535.1, s__Bacillus sp018613535, 95.0, 87.44, 0.681; GCF_000009045.1, s__Bacillus subtilis, 95.0, 81.63, 0.193; GCF_004124315.2, s__Bacillus cabrialesii, 95.0, 81.37, 0.196; GCF_040784915.1, s__Bacillus subtilis_G, 95.0, 80.99, 0.177; GCF_031317525.1, s__Bacillus tequilensis, 95.0, 80.94, 0.198; GCF_004116955.1, s__Bacillus vallismortis, 95.0, 80.94, 0.181; GCF_001517105.1, s__Bacillus halotolerans, 95.0, 80.8, 0.211; GCF_000332645.1, s__Bacillus inaquosorum, 95.0, 80.76, 0.192; GCF_011745685.2, s__Bacillus rugosus, 95.0, 80.6, 0.182; GCF_000738015.1, s__Bacillus stercoris, 95.0, 80.58, 0.179; GCF_031316495.1, s__Bacillus spizizenii, 95.0, 80.54, 0.186; GCA_026790065.1, s__Bacillus sp026790065, 95.0, 80.5, 0.182; GCF_031316635.1, s__Bacillus mojavensis, 95.47, 80.44, 0.191; GCA_020223575.2, s__Bacillus mexicanus, 95.0, 80.14, 0.168; GCF_001584335.1, s__Bacillus atrophaeus, 95.0, 79.98, 0.169	95.83	11	N/A	N/A
HN00196390_F2151	d__Bacteria;p__Bacillota;c__Bacilli;o__Bacillales;f__Bacillaceae;g__Bacillus;s__Bacillus velezensis	GCF_001461825.1	95.0	d__Bacteria;p__Bacillota;c__Bacilli;o__Bacillales;f__Bacillaceae;g__Bacillus;s__Bacillus velezensis	98.08	0.928	GCF_001461825.1	95.0	d__Bacteria;p__Bacillota;c__Bacilli;o__Bacillales;f__Bacillaceae;g__Bacillus;s__Bacillus velezensis	98.08	0.928	d__Bacteria;p__Bacillota;c__Bacilli;o__Bacillales;f__Bacillaceae;g__Bacillus;s__	taxonomic classification defined by topology and ANI	topological placement and ANI have congruent species assignments	GCF_000262045.1, s__Bacillus siamensis, 95.0, 94.31, 0.909; GCF_000196735.1, s__Bacillus amyloliquefaciens, 95.0, 93.85, 0.866; GCF_001584325.1, s__Bacillus nakamurai, 95.0, 87.59, 0.691; GCF_018613535.1, s__Bacillus sp018613535, 95.0, 87.47, 0.695; GCF_004124315.2, s__Bacillus cabrialesii, 95.0, 81.47, 0.208; GCF_000009045.1, s__Bacillus subtilis, 95.0, 81.35, 0.184; GCF_040784915.1, s__Bacillus subtilis_G, 95.0, 81.01, 0.189; GCF_001517105.1, s__Bacillus halotolerans, 95.0, 80.92, 0.211; GCF_004116955.1, s__Bacillus vallismortis, 95.0, 80.91, 0.177; GCF_000332645.1, s__Bacillus inaquosorum, 95.0, 80.79, 0.196; GCF_031317525.1, s__Bacillus tequilensis, 95.0, 80.76, 0.196; GCF_031316495.1, s__Bacillus spizizenii, 95.0, 80.63, 0.18; GCF_000738015.1, s__Bacillus stercoris, 95.0, 80.58, 0.171; GCF_031316635.1, s__Bacillus mojavensis, 95.47, 80.52, 0.191; GCF_011745685.2, s__Bacillus rugosus, 95.0, 80.44, 0.172; GCA_020223575.2, s__Bacillus mexicanus, 95.0, 80.42, 0.173; GCA_026790065.1, s__Bacillus sp026790065, 95.0, 80.32, 0.185; GCF_001584335.1, s__Bacillus atrophaeus, 95.0, 79.84, 0.17	95.27	11	N/A	N/A
HN00196390_K200109	d__Bacteria;p__Bacillota;c__Bacilli;o__Lactobacillales;f__Lactobacillaceae;g__Weissella;s__Weissella cibaria	GCF_000193635.1	95.0	d__Bacteria;p__Bacillota;c__Bacilli;o__Lactobacillales;f__Lactobacillaceae;g__Weissella;s__Weissella cibaria	97.86	0.909	GCF_000193635.1	95.0	d__Bacteria;p__Bacillota;c__Bacilli;o__Lactobacillales;f__Lactobacillaceae;g__Weissella;s__Weissella cibaria	97.86	0.909	d__Bacteria;p__Bacillota;c__Bacilli;o__Lactobacillales;f__Lactobacillaceae;g__Weissella;s__	taxonomic classification defined by topology and ANI	topological placement and ANI have congruent species assignments	GCF_004521965.1, s__Weissella cibaria_A, 95.0, 93.91, 0.844; GCA_041871065.1, s__Weissella confusa_A, 95.0, 83.95, 0.223; GCF_025908565.2, s__Weissella fermenti, 95.0, 83.37, 0.191; GCF_007991875.1, s__Weissella confusa, 95.0, 82.58, 0.189	95.43	11	N/A	N/A
HN00196390_K200234	d__Bacteria;p__Bacillota;c__Bacilli;o__Lactobacillales;f__Lactobacillaceae;g__Latilactobacillus;s__Latilactobacillus curvatus	GCF_004101845.1	95.0	d__Bacteria;p__Bacillota;c__Bacilli;o__Lactobacillales;f__Lactobacillaceae;g__Latilactobacillus;s__Latilactobacillus curvatus	98.91	0.869	GCF_004101845.1	95.0	d__Bacteria;p__Bacillota;c__Bacilli;o__Lactobacillales;f__Lactobacillaceae;g__Latilactobacillus;s__Latilactobacillus curvatus	98.91	0.869	d__Bacteria;p__Bacillota;c__Bacilli;o__Lactobacillales;f__Lactobacillaceae;g__Latilactobacillus;s__	taxonomic classification defined by topology and ANI	topological placement and ANI have congruent species assignments	GCF_905332535.1, s__Latilactobacillus fragifolii, 95.0, 88.45, 0.609; GCF_001436415.1, s__Latilactobacillus graminis, 95.0, 85.13, 0.409; GCF_002370355.1, s__Latilactobacillus sakei, 95.0, 83.84, 0.204; GCA_002953655.1, s__Latilactobacillus sakei_A, 95.0, 82.82, 0.185	96.17	11	N/A	N/A
HN00196390_K40028	d__Bacteria;p__Bacillota;c__Bacilli;o__Lactobacillales;f__Streptococcaceae;g__Lactococcus;s__Lactococcus lactis	GCF_029023865.1	95.0	d__Bacteria;p__Bacillota;c__Bacilli;o__Lactobacillales;f__Streptococcaceae;g__Lactococcus;s__Lactococcus lactis	98.93	0.866	GCF_029023865.1	95.0	d__Bacteria;p__Bacillota;c__Bacilli;o__Lactobacillales;f__Streptococcaceae;g__Lactococcus;s__Lactococcus lactis	98.93	0.866	d__Bacteria;p__Bacillota;c__Bacilli;o__Lactobacillales;f__Streptococcaceae;g__Lactococcus;s__	taxonomic classification defined by topology and ANI	topological placement and ANI have congruent species assignments	GCF_001591705.1, s__Lactococcus cremoris, 95.0, 88.11, 0.583; GCF_014905395.1, s__Lactococcus taiwanensis, 95.0, 85.99, 0.2	97.46	11	N/A	N/A
HN00196390_K40049	d__Bacteria;p__Bacillota;c__Bacilli;o__Lactobacillales;f__Lactobacillaceae;g__Latilactobacillus;s__Latilactobacillus sakei	GCF_002370355.1	95.0	d__Bacteria;p__Bacillota;c__Bacilli;o__Lactobacillales;f__Lactobacillaceae;g__Latilactobacillus;s__Latilactobacillus sakei	99.03	0.942	GCF_002370355.1	95.0	d__Bacteria;p__Bacillota;c__Bacilli;o__Lactobacillales;f__Lactobacillaceae;g__Latilactobacillus;s__Latilactobacillus sakei	99.03	0.942	d__Bacteria;p__Bacillota;c__Bacilli;o__Lactobacillales;f__Lactobacillaceae;g__Latilactobacillus;s__	taxonomic classification defined by topology and ANI	topological placement and ANI have congruent species assignments	GCA_002953655.1, s__Latilactobacillus sakei_A, 95.0, 93.12, 0.807; GCF_004101845.1, s__Latilactobacillus curvatus, 95.0, 83.39, 0.206; GCF_905332535.1, s__Latilactobacillus fragifolii, 95.0, 81.29, 0.174	95.91	11	N/A	N/A
HN00196390_KFT18	d__Bacteria;p__Bacillota;c__Bacilli;o__Lactobacillales;f__Enterococcaceae;g__Enterococcus_B;s__Enterococcus_B lactis	GCF_015751045.1	95.0	d__Bacteria;p__Bacillota;c__Bacilli;o__Lactobacillales;f__Enterococcaceae;g__Enterococcus_B;s__Enterococcus_B lactis	98.43	0.904	GCF_015751045.1	95.0	d__Bacteria;p__Bacillota;c__Bacilli;o__Lactobacillales;f__Enterococcaceae;g__Enterococcus_B;s__Enterococcus_B lactis	98.43	0.904	d__Bacteria;p__Bacillota;c__Bacilli;o__Lactobacillales;f__Enterococcaceae;g__Enterococcus_B;s__	taxonomic classification defined by topology and ANI	topological placement and ANI have congruent species assignments	GCF_029023785.1, s__Enterococcus_B faecium, 95.0, 94.51, 0.832; GCF_011038845.1, s__Enterococcus_B sp011038845, 95.0, 80.99, 0.169	96.82	11	N/A	N/A
HN00196822_AMT-60612	d__Bacteria;p__Bacillota;c__Bacilli;o__Lactobacillales;f__Lactobacillaceae;g__Latilactobacillus;s__Latilactobacillus curvatus	GCF_004101845.1	95.0	d__Bacteria;p__Bacillota;c__Bacilli;o__Lactobacillales;f__Lactobacillaceae;g__Latilactobacillus;s__Latilactobacillus curvatus	98.54	0.878	GCF_004101845.1	95.0	d__Bacteria;p__Bacillota;c__Bacilli;o__Lactobacillales;f__Lactobacillaceae;g__Latilactobacillus;s__Latilactobacillus curvatus	98.54	0.878	d__Bacteria;p__Bacillota;c__Bacilli;o__Lactobacillales;f__Lactobacillaceae;g__Latilactobacillus;s__	taxonomic classification defined by topology and ANI	topological placement and ANI have congruent species assignments	GCF_905332535.1, s__Latilactobacillus fragifolii, 95.0, 88.54, 0.621; GCF_001436415.1, s__Latilactobacillus graminis, 95.0, 85.06, 0.404; GCF_002370355.1, s__Latilactobacillus sakei, 95.0, 83.34, 0.196; GCA_002953655.1, s__Latilactobacillus sakei_A, 95.0, 82.28, 0.193	96.07	11	N/A	N/A
HN00196822_AMT-86113	d__Bacteria;p__Bacillota;c__Bacilli;o__Lactobacillales;f__Lactobacillaceae;g__Weissella;s__Weissella cibaria	GCF_000193635.1	95.0	d__Bacteria;p__Bacillota;c__Bacilli;o__Lactobacillales;f__Lactobacillaceae;g__Weissella;s__Weissella cibaria	96.81	0.912	GCF_000193635.1	95.0	d__Bacteria;p__Bacillota;c__Bacilli;o__Lactobacillales;f__Lactobacillaceae;g__Weissella;s__Weissella cibaria	96.81	0.912	d__Bacteria;p__Bacillota;c__Bacilli;o__Lactobacillales;f__Lactobacillaceae;g__Weissella;s__	taxonomic classification defined by topology and ANI	topological placement and ANI have congruent species assignments	GCF_004521965.1, s__Weissella cibaria_A, 95.0, 93.4, 0.836; GCA_041871065.1, s__Weissella confusa_A, 95.0, 84.0, 0.218; GCF_025908565.2, s__Weissella fermenti, 95.0, 83.3, 0.188; GCF_007991875.1, s__Weissella confusa, 95.0, 82.68, 0.195	95.55	11	N/A	N/A
HN00196822_K200228	d__Bacteria;p__Bacillota;c__Bacilli;o__Lactobacillales;f__Streptococcaceae;g__Lactococcus;s__Lactococcus lactis	GCF_029023865.1	95.0	d__Bacteria;p__Bacillota;c__Bacilli;o__Lactobacillales;f__Streptococcaceae;g__Lactococcus;s__Lactococcus lactis	98.65	0.864	GCF_029023865.1	95.0	d__Bacteria;p__Bacillota;c__Bacilli;o__Lactobacillales;f__Streptococcaceae;g__Lactococcus;s__Lactococcus lactis	98.65	0.864	d__Bacteria;p__Bacillota;c__Bacilli;o__Lactobacillales;f__Streptococcaceae;g__Lactococcus;s__	taxonomic classification defined by topology and ANI	topological placement and ANI have congruent species assignments	GCF_001591705.1, s__Lactococcus cremoris, 95.0, 88.02, 0.583; GCF_014905395.1, s__Lactococcus taiwanensis, 95.0, 85.62, 0.206	98.31	11	N/A	N/A
HN00196822_K40725	d__Bacteria;p__Bacillota;c__Bacilli;o__Lactobacillales;f__Lactobacillaceae;g__Lactiplantibacillus;s__Lactiplantibacillus plantarum	GCF_014131735.1	95.0	d__Bacteria;p__Bacillota;c__Bacilli;o__Lactobacillales;f__Lactobacillaceae;g__Lactiplantibacillus;s__Lactiplantibacillus plantarum	98.79	0.911	GCF_014131735.1	95.0	d__Bacteria;p__Bacillota;c__Bacilli;o__Lactobacillales;f__Lactobacillaceae;g__Lactiplantibacillus;s__Lactiplantibacillus plantarum	98.79	0.911	d__Bacteria;p__Bacillota;c__Bacilli;o__Lactobacillales;f__Lactobacillaceae;g__Lactiplantibacillus;s__	taxonomic classification defined by topology and ANI	topological placement and ANI have congruent species assignments	GCF_032681335.1, s__Lactiplantibacillus sp032681335, 95.0, 90.63, 0.625; GCF_003641145.1, s__Lactiplantibacillus paraplantarum, 95.0, 88.31, 0.538; GCF_003641185.1, s__Lactiplantibacillus pentosus, 95.0, 82.79, 0.227; GCA_000463075.2, s__Lactiplantibacillus plantarum_A, 95.0, 82.36, 0.207	93.19	11	N/A	N/A
HN00200515_AMT-62920	d__Bacteria;p__Bacillota;c__Bacilli;o__Lactobacillales;f__Lactobacillaceae;g__Latilactobacillus;s__Latilactobacillus sakei	GCF_002370355.1	95.0	d__Bacteria;p__Bacillota;c__Bacilli;o__Lactobacillales;f__Lactobacillaceae;g__Latilactobacillus;s__Latilactobacillus sakei	97.72	0.909	GCF_002370355.1	95.0	d__Bacteria;p__Bacillota;c__Bacilli;o__Lactobacillales;f__Lactobacillaceae;g__Latilactobacillus;s__Latilactobacillus sakei	97.72	0.909	d__Bacteria;p__Bacillota;c__Bacilli;o__Lactobacillales;f__Lactobacillaceae;g__Latilactobacillus;s__	taxonomic classification defined by topology and ANI	topological placement and ANI have congruent species assignments	GCA_002953655.1, s__Latilactobacillus sakei_A, 95.0, 93.46, 0.83; GCF_004101845.1, s__Latilactobacillus curvatus, 95.0, 83.87, 0.216; GCF_905332535.1, s__Latilactobacillus fragifolii, 95.0, 81.05, 0.158	95.87	11	N/A	N/A
HN00200515_AMT-73813	d__Bacteria;p__Bacillota;c__Bacilli;o__Lactobacillales;f__Lactobacillaceae;g__Pediococcus;s__Pediococcus pentosaceus	GCF_001437285.1	95.0	d__Bacteria;p__Bacillota;c__Bacilli;o__Lactobacillales;f__Lactobacillaceae;g__Pediococcus;s__Pediococcus pentosaceus	99.28	0.932	GCF_001437285.1	95.0	d__Bacteria;p__Bacillota;c__Bacilli;o__Lactobacillales;f__Lactobacillaceae;g__Pediococcus;s__Pediococcus pentosaceus	99.28	0.932	d__Bacteria;p__Bacillota;c__Bacilli;o__Lactobacillales;f__Lactobacillaceae;g__Pediococcus;s__	taxonomic classification defined by topology and ANI	topological placement and ANI have congruent species assignments	GCA_022712335.1, s__Pediococcus sp022712335, 95.0, 86.13, 0.4	95.75	11	N/A	N/A
HN00200515_AMT-74226	d__Bacteria;p__Bacillota;c__Bacilli;o__Lactobacillales;f__Lactobacillaceae;g__Lactiplantibacillus;s__Lactiplantibacillus plantarum	GCF_014131735.1	95.0	d__Bacteria;p__Bacillota;c__Bacilli;o__Lactobacillales;f__Lactobacillaceae;g__Lactiplantibacillus;s__Lactiplantibacillus plantarum	99.08	0.923	GCF_014131735.1	95.0	d__Bacteria;p__Bacillota;c__Bacilli;o__Lactobacillales;f__Lactobacillaceae;g__Lactiplantibacillus;s__Lactiplantibacillus plantarum	99.08	0.923	d__Bacteria;p__Bacillota;c__Bacilli;o__Lactobacillales;f__Lactobacillaceae;g__Lactiplantibacillus;s__	taxonomic classification defined by topology and ANI	topological placement and ANI have congruent species assignments	GCF_032681335.1, s__Lactiplantibacillus sp032681335, 95.0, 90.57, 0.614; GCF_003641145.1, s__Lactiplantibacillus paraplantarum, 95.0, 88.61, 0.547; GCF_003641185.1, s__Lactiplantibacillus pentosus, 95.0, 82.86, 0.228; GCA_000463075.2, s__Lactiplantibacillus plantarum_A, 95.0, 82.35, 0.212	94.1	11	N/A	N/A
HN00200515_DKM250103	d__Bacteria;p__Bacillota;c__Bacilli;o__Lactobacillales;f__Lactobacillaceae;g__Leuconostoc;s__Leuconostoc mesenteroides	GCF_000014445.1	95.0	d__Bacteria;p__Bacillota;c__Bacilli;o__Lactobacillales;f__Lactobacillaceae;g__Leuconostoc;s__Leuconostoc mesenteroides	99.39	0.917	GCF_000014445.1	95.0	d__Bacteria;p__Bacillota;c__Bacilli;o__Lactobacillales;f__Lactobacillaceae;g__Leuconostoc;s__Leuconostoc mesenteroides	99.39	0.917	d__Bacteria;p__Bacillota;c__Bacilli;o__Lactobacillales;f__Lactobacillaceae;g__Leuconostoc;s__	taxonomic classification defined by topology and ANI	topological placement and ANI have congruent species assignments	GCF_001891125.1, s__Leuconostoc suionicum, 95.0, 94.06, 0.815; GCA_009676745.1, s__Leuconostoc mesenteroides_B, 95.0, 91.4, 0.793; GCF_008107645.1, s__Leuconostoc litchii, 95.0, 82.02, 0.268	94.5	11	N/A	N/A
HN00200515_GS00003	d__Bacteria;p__Bacillota;c__Bacilli;o__Lactobacillales;f__Lactobacillaceae;g__Levilactobacillus;s__Levilactobacillus brevis	GCF_001433855.1	95.0	d__Bacteria;p__Bacillota;c__Bacilli;o__Lactobacillales;f__Lactobacillaceae;g__Levilactobacillus;s__Levilactobacillus brevis	97.18	0.878	GCF_001433855.1	95.0	d__Bacteria;p__Bacillota;c__Bacilli;o__Lactobacillales;f__Lactobacillaceae;g__Levilactobacillus;s__Levilactobacillus brevis	97.18	0.878	d__Bacteria;p__Bacillota;c__Bacilli;o__Lactobacillales;f__Lactobacillaceae;g__Levilactobacillus;s__	taxonomic classification defined by topology and ANI	topological placement and ANI have congruent species assignments	N/A	95.79	11	N/A	N/A
HN00200515_GS00008	d__Bacteria;p__Bacillota;c__Bacilli;o__Lactobacillales;f__Lactobacillaceae;g__Weissella;s__Weissella cibaria	GCF_000193635.1	95.0	d__Bacteria;p__Bacillota;c__Bacilli;o__Lactobacillales;f__Lactobacillaceae;g__Weissella;s__Weissella cibaria	98.42	0.941	GCF_000193635.1	95.0	d__Bacteria;p__Bacillota;c__Bacilli;o__Lactobacillales;f__Lactobacillaceae;g__Weissella;s__Weissella cibaria	98.42	0.941	d__Bacteria;p__Bacillota;c__Bacilli;o__Lactobacillales;f__Lactobacillaceae;g__Weissella;s__	taxonomic classification defined by topology and ANI	topological placement and ANI have congruent species assignments	GCF_004521965.1, s__Weissella cibaria_A, 95.0, 93.91, 0.846; GCA_041871065.1, s__Weissella confusa_A, 95.0, 83.88, 0.233; GCF_025908565.2, s__Weissella fermenti, 95.0, 83.26, 0.196; GCF_007991875.1, s__Weissella confusa, 95.0, 82.99, 0.202	95.41	11	N/A	N/A
HN00200515_GS00049	d__Bacteria;p__Bacillota;c__Bacilli;o__Lactobacillales;f__Streptococcaceae;g__Lactococcus;s__Lactococcus lactis	GCF_029023865.1	95.0	d__Bacteria;p__Bacillota;c__Bacilli;o__Lactobacillales;f__Streptococcaceae;g__Lactococcus;s__Lactococcus lactis	97.71	0.794	GCF_029023865.1	95.0	d__Bacteria;p__Bacillota;c__Bacilli;o__Lactobacillales;f__Streptococcaceae;g__Lactococcus;s__Lactococcus lactis	97.71	0.794	d__Bacteria;p__Bacillota;c__Bacilli;o__Lactobacillales;f__Streptococcaceae;g__Lactococcus;s__	taxonomic classification defined by topology and ANI	topological placement and ANI have congruent species assignments	GCF_001591705.1, s__Lactococcus cremoris, 95.0, 87.89, 0.558; GCF_014905395.1, s__Lactococcus taiwanensis, 95.0, 85.93, 0.196	97.44	11	N/A	N/A
HN00200515_GS200102	d__Bacteria;p__Bacillota;c__Bacilli;o__Lactobacillales;f__Lactobacillaceae;g__Levilactobacillus;s__Levilactobacillus brevis	GCF_001433855.1	95.0	d__Bacteria;p__Bacillota;c__Bacilli;o__Lactobacillales;f__Lactobacillaceae;g__Levilactobacillus;s__Levilactobacillus brevis	97.18	0.878	GCF_001433855.1	95.0	d__Bacteria;p__Bacillota;c__Bacilli;o__Lactobacillales;f__Lactobacillaceae;g__Levilactobacillus;s__Levilactobacillus brevis	97.18	0.878	d__Bacteria;p__Bacillota;c__Bacilli;o__Lactobacillales;f__Lactobacillaceae;g__Levilactobacillus;s__	taxonomic classification defined by topology and ANI	topological placement and ANI have congruent species assignments	N/A	95.69	11	N/A	N/A
HN00200515_GS200141	d__Bacteria;p__Bacillota;c__Bacilli;o__Lactobacillales;f__Lactobacillaceae;g__Latilactobacillus;s__Latilactobacillus sakei	GCF_002370355.1	95.0	d__Bacteria;p__Bacillota;c__Bacilli;o__Lactobacillales;f__Lactobacillaceae;g__Latilactobacillus;s__Latilactobacillus sakei	98.86	0.929	GCF_002370355.1	95.0	d__Bacteria;p__Bacillota;c__Bacilli;o__Lactobacillales;f__Lactobacillaceae;g__Latilactobacillus;s__Latilactobacillus sakei	98.86	0.929	d__Bacteria;p__Bacillota;c__Bacilli;o__Lactobacillales;f__Lactobacillaceae;g__Latilactobacillus;s__	taxonomic classification defined by topology and ANI	topological placement and ANI have congruent species assignments	GCA_002953655.1, s__Latilactobacillus sakei_A, 95.0, 93.24, 0.829; GCF_004101845.1, s__Latilactobacillus curvatus, 95.0, 84.43, 0.238; GCF_905332535.1, s__Latilactobacillus fragifolii, 95.0, 81.2, 0.166	95.91	11	N/A	N/A
HN00200515_K40006	d__Bacteria;p__Bacillota;c__Bacilli;o__Lactobacillales;f__Lactobacillaceae;g__Weissella;s__Weissella cibaria	GCF_000193635.1	95.0	d__Bacteria;p__Bacillota;c__Bacilli;o__Lactobacillales;f__Lactobacillaceae;g__Weissella;s__Weissella cibaria	96.8	0.907	GCF_000193635.1	95.0	d__Bacteria;p__Bacillota;c__Bacilli;o__Lactobacillales;f__Lactobacillaceae;g__Weissella;s__Weissella cibaria	96.8	0.907	d__Bacteria;p__Bacillota;c__Bacilli;o__Lactobacillales;f__Lactobacillaceae;g__Weissella;s__	taxonomic classification defined by topology and ANI	topological placement and ANI have congruent species assignments	GCF_004521965.1, s__Weissella cibaria_A, 95.0, 93.38, 0.833; GCA_041871065.1, s__Weissella confusa_A, 95.0, 84.0, 0.217; GCF_025908565.2, s__Weissella fermenti, 95.0, 83.3, 0.186; GCF_007991875.1, s__Weissella confusa, 95.0, 82.68, 0.194	95.39	11	N/A	N/A
HN00200515_KY0001	d__Bacteria;p__Bacillota;c__Bacilli;o__Lactobacillales;f__Lactobacillaceae;g__Lactiplantibacillus;s__Lactiplantibacillus plantarum	GCF_014131735.1	95.0	d__Bacteria;p__Bacillota;c__Bacilli;o__Lactobacillales;f__Lactobacillaceae;g__Lactiplantibacillus;s__Lactiplantibacillus plantarum	98.81	0.903	GCF_014131735.1	95.0	d__Bacteria;p__Bacillota;c__Bacilli;o__Lactobacillales;f__Lactobacillaceae;g__Lactiplantibacillus;s__Lactiplantibacillus plantarum	98.81	0.903	d__Bacteria;p__Bacillota;c__Bacilli;o__Lactobacillales;f__Lactobacillaceae;g__Lactiplantibacillus;s__	taxonomic classification defined by topology and ANI	topological placement and ANI have congruent species assignments	GCF_032681335.1, s__Lactiplantibacillus sp032681335, 95.0, 90.63, 0.617; GCF_003641145.1, s__Lactiplantibacillus paraplantarum, 95.0, 88.47, 0.532; GCF_003641185.1, s__Lactiplantibacillus pentosus, 95.0, 82.8, 0.222; GCA_000463075.2, s__Lactiplantibacillus plantarum_A, 95.0, 82.3, 0.202	93.29	11	N/A	N/A
HN00200515_KY0017	d__Bacteria;p__Bacillota;c__Bacilli;o__Lactobacillales;f__Lactobacillaceae;g__Weissella;s__Weissella paramesenteroides	GCF_000160575.1	95.0	d__Bacteria;p__Bacillota;c__Bacilli;o__Lactobacillales;f__Lactobacillaceae;g__Weissella;s__Weissella paramesenteroides	97.52	0.826	GCF_000160575.1	95.0	d__Bacteria;p__Bacillota;c__Bacilli;o__Lactobacillales;f__Lactobacillaceae;g__Weissella;s__Weissella paramesenteroides	97.52	0.826	d__Bacteria;p__Bacillota;c__Bacilli;o__Lactobacillales;f__Lactobacillaceae;g__Weissella;s__	taxonomic classification defined by topology and ANI	topological placement and ANI have congruent species assignments	GCF_005405465.1, s__Weissella thailandensis, 95.0, 85.07, 0.458; GCF_024718545.1, s__Weissella fangxianensis, 95.0, 84.46, 0.426; GCF_005405285.1, s__Weissella sagaensis, 95.0, 81.21, 0.173; GCF_005405545.1, s__Weissella hellenica, 95.0, 80.63, 0.166; GCF_900094835.1, s__Weissella bombi, 95.0, 80.28, 0.159	94.68	11	N/A	N/A
HN00200749_GS00038	d__Bacteria;p__Bacillota;c__Bacilli;o__Lactobacillales;f__Lactobacillaceae;g__Levilactobacillus;s__Levilactobacillus brevis	GCF_001433855.1	95.0	d__Bacteria;p__Bacillota;c__Bacilli;o__Lactobacillales;f__Lactobacillaceae;g__Levilactobacillus;s__Levilactobacillus brevis	97.18	0.878	GCF_001433855.1	95.0	d__Bacteria;p__Bacillota;c__Bacilli;o__Lactobacillales;f__Lactobacillaceae;g__Levilactobacillus;s__Levilactobacillus brevis	97.18	0.878	d__Bacteria;p__Bacillota;c__Bacilli;o__Lactobacillales;f__Lactobacillaceae;g__Levilactobacillus;s__	taxonomic classification defined by topology and ANI	topological placement and ANI have congruent species assignments	N/A	95.53	11	N/A	N/A
HN00200749_K200115	d__Bacteria;p__Bacillota;c__Bacilli;o__Lactobacillales;f__Lactobacillaceae;g__Latilactobacillus;s__Latilactobacillus sakei	GCF_002370355.1	95.0	d__Bacteria;p__Bacillota;c__Bacilli;o__Lactobacillales;f__Lactobacillaceae;g__Latilactobacillus;s__Latilactobacillus sakei	98.92	0.942	GCF_002370355.1	95.0	d__Bacteria;p__Bacillota;c__Bacilli;o__Lactobacillales;f__Lactobacillaceae;g__Latilactobacillus;s__Latilactobacillus sakei	98.92	0.942	d__Bacteria;p__Bacillota;c__Bacilli;o__Lactobacillales;f__Lactobacillaceae;g__Latilactobacillus;s__	taxonomic classification defined by topology and ANI	topological placement and ANI have congruent species assignments	GCA_002953655.1, s__Latilactobacillus sakei_A, 95.0, 93.06, 0.818; GCF_004101845.1, s__Latilactobacillus curvatus, 95.0, 84.48, 0.224; GCF_905332535.1, s__Latilactobacillus fragifolii, 95.0, 81.07, 0.165	96.17	11	N/A	N/A
HN00200749_K42834	d__Bacteria;p__Bacillota;c__Bacilli;o__Lactobacillales;f__Lactobacillaceae;g__Latilactobacillus;s__Latilactobacillus curvatus	GCF_004101845.1	95.0	d__Bacteria;p__Bacillota;c__Bacilli;o__Lactobacillales;f__Lactobacillaceae;g__Latilactobacillus;s__Latilactobacillus curvatus	98.71	0.889	GCF_004101845.1	95.0	d__Bacteria;p__Bacillota;c__Bacilli;o__Lactobacillales;f__Lactobacillaceae;g__Latilactobacillus;s__Latilactobacillus curvatus	98.71	0.889	d__Bacteria;p__Bacillota;c__Bacilli;o__Lactobacillales;f__Lactobacillaceae;g__Latilactobacillus;s__	taxonomic classification defined by topology and ANI	topological placement and ANI have congruent species assignments	GCF_905332535.1, s__Latilactobacillus fragifolii, 95.0, 88.31, 0.603; GCF_001436415.1, s__Latilactobacillus graminis, 95.0, 85.01, 0.4; GCF_002370355.1, s__Latilactobacillus sakei, 95.0, 83.28, 0.206; GCA_002953655.1, s__Latilactobacillus sakei_A, 95.0, 82.28, 0.196	95.89	11	N/A	N/A
HN00200749_KK200119	d__Bacteria;p__Bacillota;c__Bacilli;o__Lactobacillales;f__Streptococcaceae;g__Lactococcus;s__Lactococcus lactis	GCF_029023865.1	95.0	d__Bacteria;p__Bacillota;c__Bacilli;o__Lactobacillales;f__Streptococcaceae;g__Lactococcus;s__Lactococcus lactis	98.72	0.866	GCF_029023865.1	95.0	d__Bacteria;p__Bacillota;c__Bacilli;o__Lactobacillales;f__Streptococcaceae;g__Lactococcus;s__Lactococcus lactis	98.72	0.866	d__Bacteria;p__Bacillota;c__Bacilli;o__Lactobacillales;f__Streptococcaceae;g__Lactococcus;s__	taxonomic classification defined by topology and ANI	topological placement and ANI have congruent species assignments	GCF_001591705.1, s__Lactococcus cremoris, 95.0, 87.94, 0.568; GCF_014905395.1, s__Lactococcus taiwanensis, 95.0, 85.76, 0.204	97.34	11	N/A	N/A
HN00200749_MK2-46	d__Bacteria;p__Bacillota;c__Bacilli;o__Lactobacillales;f__Streptococcaceae;g__Lactococcus;s__Lactococcus petauri	GCF_002154895.1	95.0	d__Bacteria;p__Bacillota;c__Bacilli;o__Lactobacillales;f__Streptococcaceae;g__Lactococcus;s__Lactococcus petauri	97.33	0.852	GCF_002154895.1	95.0	d__Bacteria;p__Bacillota;c__Bacilli;o__Lactobacillales;f__Streptococcaceae;g__Lactococcus;s__Lactococcus petauri	97.33	0.852	d__Bacteria;p__Bacillota;c__Bacilli;o__Lactobacillales;f__Streptococcaceae;g__Lactococcus;s__	taxonomic classification defined by topology and ANI	topological placement and ANI have congruent species assignments	GCF_029024465.1, s__Lactococcus garvieae, 95.0, 93.22, 0.779; GCF_018403745.1, s__Lactococcus formosensis, 95.0, 92.35, 0.773; GCA_934191625.1, s__Lactococcus sp934191625, 95.0, 90.05, 0.735; GCF_943192955.1, s__Lactococcus muris, 95.0, 83.67, 0.288; GCF_016027715.1, s__Lactococcus garvieae_A, 95.0, 83.38, 0.335; GCF_943193185.1, s__Lactococcus ileimucosae, 95.0, 82.82, 0.286	98.05	11	N/A	N/A
HN00200749_T10-11	d__Bacteria;p__Bacillota;c__Bacilli;o__Lactobacillales;f__Lactobacillaceae;g__Lactiplantibacillus;s__Lactiplantibacillus plantarum	GCF_014131735.1	95.0	d__Bacteria;p__Bacillota;c__Bacilli;o__Lactobacillales;f__Lactobacillaceae;g__Lactiplantibacillus;s__Lactiplantibacillus plantarum	100.0	1.0	GCF_014131735.1	95.0	d__Bacteria;p__Bacillota;c__Bacilli;o__Lactobacillales;f__Lactobacillaceae;g__Lactiplantibacillus;s__Lactiplantibacillus plantarum	100.0	1.0	d__Bacteria;p__Bacillota;c__Bacilli;o__Lactobacillales;f__Lactobacillaceae;g__Lactiplantibacillus;s__	taxonomic classification defined by topology and ANI	topological placement and ANI have congruent species assignments	GCF_032681335.1, s__Lactiplantibacillus sp032681335, 95.0, 90.58, 0.623; GCF_003641145.1, s__Lactiplantibacillus paraplantarum, 95.0, 88.4, 0.541; GCF_003641185.1, s__Lactiplantibacillus pentosus, 95.0, 82.85, 0.214; GCA_000463075.2, s__Lactiplantibacillus plantarum_A, 95.0, 82.21, 0.207	93.29	11	N/A	N/A
HN00203775_CHKJ1253002	d__Bacteria;p__Bacillota;c__Bacilli;o__Bacillales;f__Bacillaceae;g__Bacillus;s__Bacillus subtilis	GCF_000009045.1	95.0	d__Bacteria;p__Bacillota;c__Bacilli;o__Bacillales;f__Bacillaceae;g__Bacillus;s__Bacillus subtilis	98.92	0.967	GCF_000009045.1	95.0	d__Bacteria;p__Bacillota;c__Bacilli;o__Bacillales;f__Bacillaceae;g__Bacillus;s__Bacillus subtilis	98.92	0.967	d__Bacteria;p__Bacillota;c__Bacilli;o__Bacillales;f__Bacillaceae;g__Bacillus;s__	taxonomic classification defined by topology and ANI	topological placement and ANI have congruent species assignments	GCF_000738015.1, s__Bacillus stercoris, 95.0, 94.83, 0.904; GCF_000332645.1, s__Bacillus inaquosorum, 95.0, 92.45, 0.876; GCF_004124315.2, s__Bacillus cabrialesii, 95.0, 92.26, 0.885; GCF_031316495.1, s__Bacillus spizizenii, 95.0, 92.19, 0.862; GCF_011745685.2, s__Bacillus rugosus, 95.0, 92.18, 0.872; GCA_026790065.1, s__Bacillus sp026790065, 95.0, 92.07, 0.861; GCF_040784915.1, s__Bacillus subtilis_G, 95.0, 91.57, 0.84; GCF_031317525.1, s__Bacillus tequilensis, 95.0, 91.54, 0.812; GCF_004116955.1, s__Bacillus vallismortis, 95.0, 90.82, 0.784; GCA_020223575.2, s__Bacillus mexicanus, 95.0, 90.37, 0.777; GCF_001517105.1, s__Bacillus halotolerans, 95.0, 88.49, 0.753; GCF_031316635.1, s__Bacillus mojavensis, 95.47, 88.17, 0.751; GCF_001584335.1, s__Bacillus atrophaeus, 95.0, 81.65, 0.268; GCF_000196735.1, s__Bacillus amyloliquefaciens, 95.0, 81.15, 0.176; GCF_000262045.1, s__Bacillus siamensis, 95.0, 80.85, 0.189; GCF_018613535.1, s__Bacillus sp018613535, 95.0, 80.84, 0.207; GCF_001461825.1, s__Bacillus velezensis, 95.0, 80.69, 0.181; GCF_001584325.1, s__Bacillus nakamurai, 95.0, 80.56, 0.194	96.11	11	N/A	N/A
HN00203775_F2100	d__Bacteria;p__Bacillota;c__Bacilli;o__Lactobacillales;f__Enterococcaceae;g__Enterococcus_B;s__Enterococcus_B lactis	GCF_015751045.1	95.0	d__Bacteria;p__Bacillota;c__Bacilli;o__Lactobacillales;f__Enterococcaceae;g__Enterococcus_B;s__Enterococcus_B lactis	98.47	0.87	GCF_015751045.1	95.0	d__Bacteria;p__Bacillota;c__Bacilli;o__Lactobacillales;f__Enterococcaceae;g__Enterococcus_B;s__Enterococcus_B lactis	98.47	0.87	d__Bacteria;p__Bacillota;c__Bacilli;o__Lactobacillales;f__Enterococcaceae;g__Enterococcus_B;s__	taxonomic classification defined by topology and ANI	topological placement and ANI have congruent species assignments	GCF_029023785.1, s__Enterococcus_B faecium, 95.0, 94.5, 0.827; GCF_011038845.1, s__Enterococcus_B sp011038845, 95.0, 81.13, 0.161	96.82	11	N/A	N/A
HN00203775_F4043	d__Bacteria;p__Bacillota;c__Bacilli;o__Lactobacillales;f__Lactobacillaceae;g__Lactiplantibacillus;s__Lactiplantibacillus plantarum	GCF_014131735.1	95.0	d__Bacteria;p__Bacillota;c__Bacilli;o__Lactobacillales;f__Lactobacillaceae;g__Lactiplantibacillus;s__Lactiplantibacillus plantarum	99.13	0.951	GCF_014131735.1	95.0	d__Bacteria;p__Bacillota;c__Bacilli;o__Lactobacillales;f__Lactobacillaceae;g__Lactiplantibacillus;s__Lactiplantibacillus plantarum	99.13	0.951	d__Bacteria;p__Bacillota;c__Bacilli;o__Lactobacillales;f__Lactobacillaceae;g__Lactiplantibacillus;s__	taxonomic classification defined by topology and ANI	topological placement and ANI have congruent species assignments	GCF_032681335.1, s__Lactiplantibacillus sp032681335, 95.0, 90.58, 0.63; GCF_003641145.1, s__Lactiplantibacillus paraplantarum, 95.0, 88.15, 0.543; GCF_003641185.1, s__Lactiplantibacillus pentosus, 95.0, 82.53, 0.22; GCA_000463075.2, s__Lactiplantibacillus plantarum_A, 95.0, 82.28, 0.215	93.29	11	N/A	N/A
HN00203775_F4202	d__Bacteria;p__Bacillota;c__Bacilli;o__Lactobacillales;f__Enterococcaceae;g__Enterococcus_B;s__Enterococcus_B lactis	GCF_015751045.1	95.0	d__Bacteria;p__Bacillota;c__Bacilli;o__Lactobacillales;f__Enterococcaceae;g__Enterococcus_B;s__Enterococcus_B lactis	98.04	0.827	GCF_015751045.1	95.0	d__Bacteria;p__Bacillota;c__Bacilli;o__Lactobacillales;f__Enterococcaceae;g__Enterococcus_B;s__Enterococcus_B lactis	98.04	0.827	d__Bacteria;p__Bacillota;c__Bacilli;o__Lactobacillales;f__Enterococcaceae;g__Enterococcus_B;s__	taxonomic classification defined by topology and ANI	topological placement and ANI have congruent species assignments	GCF_029023785.1, s__Enterococcus_B faecium, 95.0, 94.94, 0.854; GCF_011038845.1, s__Enterococcus_B sp011038845, 95.0, 81.77, 0.177	96.82	11	N/A	N/A
HN00203775_F4207	d__Bacteria;p__Bacillota;c__Bacilli;o__Lactobacillales;f__Lactobacillaceae;g__Pediococcus;s__Pediococcus acidilactici	GCF_000146325.1	95.0	d__Bacteria;p__Bacillota;c__Bacilli;o__Lactobacillales;f__Lactobacillaceae;g__Pediococcus;s__Pediococcus acidilactici	97.49	0.826	GCF_000146325.1	95.0	d__Bacteria;p__Bacillota;c__Bacilli;o__Lactobacillales;f__Lactobacillaceae;g__Pediococcus;s__Pediococcus acidilactici	97.49	0.826	d__Bacteria;p__Bacillota;c__Bacilli;o__Lactobacillales;f__Lactobacillaceae;g__Pediococcus;s__	taxonomic classification defined by topology and ANI	topological placement and ANI have congruent species assignments	GCA_024970065.1, s__Pediococcus acidilactici_A, 95.0, 90.93, 0.708	94.9	11	N/A	N/A
HN00204805_CHKJ1211-1	d__Bacteria;p__Bacillota;c__Bacilli;o__Bacillales;f__Bacillaceae_G;g__Bacillus_A;s__Bacillus_A tropicus	GCF_001884035.1	95.25	d__Bacteria;p__Bacillota;c__Bacilli;o__Bacillales;f__Bacillaceae_G;g__Bacillus_A;s__Bacillus_A tropicus	99.45	0.958	GCF_001884035.1	95.25	d__Bacteria;p__Bacillota;c__Bacilli;o__Bacillales;f__Bacillaceae_G;g__Bacillus_A;s__Bacillus_A tropicus	99.45	0.958	d__Bacteria;p__Bacillota;c__Bacilli;o__Bacillales;f__Bacillaceae_G;g__Bacillus_A;s__	taxonomic classification defined by topology and ANI	topological placement and ANI have congruent species assignments	GCF_001883995.1, s__Bacillus_A paranthracis, 95.17, 95.04, 0.809; GCF_001884025.1, s__Bacillus_A pacificus, 95.52, 94.82, 0.792; GCF_001455345.1, s__Bacillus_A thuringiensis_N, 95.0, 94.65, 0.858; GCF_000742895.1, s__Bacillus_A anthracis, 95.0, 94.38, 0.823; GCF_921008455.1, s__Bacillus_A basilensis, 95.21, 94.15, 0.835; GCF_006494425.1, s__Bacillus_A dicomae, 95.0, 94.13, 0.841; GCF_002746455.1, s__Bacillus_A fungorum, 95.0, 93.91, 0.744; GCF_018332475.1, s__Bacillus_A sanguinis, 95.12, 93.77, 0.781; GCF_038971285.1, s__Bacillus_A sp002571225, 95.0, 93.43, 0.798; GCF_022095615.2, s__Bacillus_A cereus_AG, 95.0, 93.32, 0.81; GCF_007678085.1, s__Bacillus_A cereus_BE, 95.0, 93.21, 0.801; GCF_003400245.1, s__Bacillus_A sp003400245, 95.0, 93.21, 0.791; GCF_001583695.1, s__Bacillus_A wiedmannii, 95.0, 93.21, 0.787; GCF_001884185.1, s__Bacillus_A albus, 95.0, 93.16, 0.774; GCF_008923725.1, s__Bacillus_A sp008923725, 95.0, 93.09, 0.765; GCF_001884045.1, s__Bacillus_A mobilis, 95.0, 93.04, 0.777; GCF_000007825.1, s__Bacillus_A cereus, 95.0, 92.05, 0.771; GCF_001182785.1, s__Bacillus_A thuringiensis, 96.46, 91.9, 0.786; GCF_001595725.1, s__Bacillus_A thuringiensis_K, 96.75, 91.83, 0.751; GCF_000021305.1, s__Bacillus_A thuringiensis_S, 96.14, 91.71, 0.753; GCF_001884105.1, s__Bacillus_A luti, 95.0, 91.65, 0.746; GCF_000496285.1, s__Bacillus_A toyonensis, 95.0, 91.45, 0.757; GCF_002567495.1, s__Bacillus_A cereus_AQ, 95.0, 91.03, 0.75; GCF_002584985.1, s__Bacillus_A sp002584985, 95.0, 90.99, 0.686; GCA_027694045.1, s__Bacillus_A sp027694045, 95.0, 90.79, 0.734; GCF_002577405.1, s__Bacillus_A cereus_AU, 95.0, 90.58, 0.683; GCF_025917685.1, s__Bacillus_A cereus_AT, 95.28, 90.52, 0.719; GCF_002564555.1, s__Bacillus_A cereus_K, 95.0, 90.47, 0.691; GCA_014932895.1, s__Bacillus_A thuringiensis_AA, 95.0, 90.36, 0.679; GCF_001884135.1, s__Bacillus_A nitratireducens, 95.0, 90.24, 0.689; GCA_002578045.1, s__Bacillus_A cereus_AK, 95.0, 90.21, 0.587; GCF_001884065.1, s__Bacillus_A proteolyticus, 95.0, 90.12, 0.676; GCF_040459645.1, s__Bacillus_A mycoides_C, 95.0, 90.02, 0.678; GCF_018966865.1, s__Bacillus_A sp018966865, 95.0, 89.93, 0.701; GCF_018332515.1, s__Bacillus_A hominis, 95.0, 89.93, 0.619; GCF_000832605.1, s__Bacillus_A mycoides, 95.0, 89.91, 0.678; GCF_018742245.1, s__Bacillus_A cereus_U, 95.0, 89.49, 0.637; GCF_001757995.1, s__Bacillus_A mycoides_B, 95.0, 89.25, 0.635; GCF_015071065.1, s__Bacillus_A cereus_BA, 95.0, 89.24, 0.616; GCF_001884235.1, s__Bacillus_A paramycoides, 95.0, 88.89, 0.607; GCF_002975175.1, s__Bacillus_A sp002975175, 95.0, 88.84, 0.603; GCF_000746925.1, s__Bacillus_A clarus, 95.0, 86.3, 0.463; GCF_002551815.1, s__Bacillus_A sp002551815, 95.0, 84.13, 0.279; GCF_022811845.1, s__Bacillus_A cereus_AV, 95.0, 83.42, 0.254; GCA_039549175.1, s__Bacillus_A sp039549175, 95.0, 83.38, 0.261; GCA_037095095.1, s__Bacillus_A cereus_BF, 95.0, 83.28, 0.259; GCF_001590835.1, s__Bacillus_A gaemokensis, 95.0, 83.18, 0.264; GCA_002561295.1, s__Bacillus_A cereus_S, 95.0, 83.14, 0.289; GCF_000161455.1, s__Bacillus_A pseudomycoides, 95.0, 83.11, 0.258; GCF_000299035.1, s__Bacillus_A bingmayongensis, 95.0, 83.1, 0.263; GCF_013314535.1, s__Bacillus_A sp013314535, 95.0, 83.09, 0.259; GCF_017498775.1, s__Bacillus_A arachidis, 95.0, 83.01, 0.252; GCF_000017425.1, s__Bacillus_A cytotoxicus, 95.0, 82.98, 0.276; GCF_022663115.1, s__Bacillus_A cereus_BD, 95.0, 82.57, 0.265; GCF_030292155.1, s__Bacillus_A sp030292155, 95.0, 82.35, 0.2	90.43	11	N/A	N/A
HN00204805_F1208	d__Bacteria;p__Bacillota;c__Bacilli;o__Bacillales;f__Bacillaceae_H;g__Bacillus_I;s__Bacillus_I endophytica	GCF_900115845.1	95.0	d__Bacteria;p__Bacillota;c__Bacilli;o__Bacillales;f__Bacillaceae_H;g__Bacillus_I;s__Bacillus_I endophytica	96.25	0.857	GCF_900115845.1	95.0	d__Bacteria;p__Bacillota;c__Bacilli;o__Bacillales;f__Bacillaceae_H;g__Bacillus_I;s__Bacillus_I endophytica	96.25	0.857	d__Bacteria;p__Bacillota;c__Bacilli;o__Bacillales;f__Bacillaceae_H;g__Bacillus_I;s__	taxonomic classification defined by topology and ANI	topological placement and ANI have congruent species assignments	GCF_026790145.1, s__Bacillus_I endophytica_A, 95.0, 94.85, 0.797; GCF_900177535.1, s__Bacillus_I filamentosa, 95.0, 94.32, 0.831	95.35	11	N/A	N/A
HN00204805_F1249-1	d__Bacteria;p__Bacillota;c__Bacilli;o__Bacillales;f__Bacillaceae;g__Bacillus;s__Bacillus velezensis	GCF_001461825.1	95.0	d__Bacteria;p__Bacillota;c__Bacilli;o__Bacillales;f__Bacillaceae;g__Bacillus;s__Bacillus velezensis	97.61	0.939	GCF_001461825.1	95.0	d__Bacteria;p__Bacillota;c__Bacilli;o__Bacillales;f__Bacillaceae;g__Bacillus;s__Bacillus velezensis	97.61	0.939	d__Bacteria;p__Bacillota;c__Bacilli;o__Bacillales;f__Bacillaceae;g__Bacillus;s__	taxonomic classification defined by topology and ANI	topological placement and ANI have congruent species assignments	GCF_000262045.1, s__Bacillus siamensis, 95.0, 94.27, 0.912; GCF_000196735.1, s__Bacillus amyloliquefaciens, 95.0, 93.91, 0.865; GCF_001584325.1, s__Bacillus nakamurai, 95.0, 87.4, 0.678; GCF_018613535.1, s__Bacillus sp018613535, 95.0, 87.34, 0.688; GCF_000009045.1, s__Bacillus subtilis, 95.0, 81.08, 0.189; GCF_004124315.2, s__Bacillus cabrialesii, 95.0, 81.01, 0.199; GCF_031317525.1, s__Bacillus tequilensis, 95.0, 80.96, 0.195; GCF_000332645.1, s__Bacillus inaquosorum, 95.0, 80.9, 0.191; GCF_004116955.1, s__Bacillus vallismortis, 95.0, 80.86, 0.177; GCF_001517105.1, s__Bacillus halotolerans, 95.0, 80.79, 0.207; GCF_040784915.1, s__Bacillus subtilis_G, 95.0, 80.75, 0.182; GCF_031316495.1, s__Bacillus spizizenii, 95.0, 80.52, 0.179; GCA_026790065.1, s__Bacillus sp026790065, 95.0, 80.51, 0.175; GCF_031316635.1, s__Bacillus mojavensis, 95.47, 80.48, 0.194; GCF_000738015.1, s__Bacillus stercoris, 95.0, 80.44, 0.176; GCF_011745685.2, s__Bacillus rugosus, 95.0, 80.36, 0.176; GCA_020223575.2, s__Bacillus mexicanus, 95.0, 80.27, 0.174; GCF_001584335.1, s__Bacillus atrophaeus, 95.0, 80.21, 0.177	96.07	11	N/A	N/A
HN00204805_FA0221	d__Bacteria;p__Bacillota;c__Bacilli;o__Bacillales;f__Bacillaceae;g__Bacillus;s__Bacillus atrophaeus	GCF_001584335.1	95.0	d__Bacteria;p__Bacillota;c__Bacilli;o__Bacillales;f__Bacillaceae;g__Bacillus;s__Bacillus atrophaeus	98.4	0.899	GCF_001584335.1	95.0	d__Bacteria;p__Bacillota;c__Bacilli;o__Bacillales;f__Bacillaceae;g__Bacillus;s__Bacillus atrophaeus	98.4	0.899	d__Bacteria;p__Bacillota;c__Bacilli;o__Bacillales;f__Bacillaceae;g__Bacillus;s__	taxonomic classification defined by topology and ANI	topological placement and ANI have congruent species assignments	GCF_001517105.1, s__Bacillus halotolerans, 95.0, 82.7, 0.317; GCF_031316635.1, s__Bacillus mojavensis, 95.47, 82.23, 0.323; GCF_000332645.1, s__Bacillus inaquosorum, 95.0, 82.14, 0.301; GCF_031316495.1, s__Bacillus spizizenii, 95.0, 82.14, 0.296; GCF_011745685.2, s__Bacillus rugosus, 95.0, 82.09, 0.284; GCF_004124315.2, s__Bacillus cabrialesii, 95.0, 82.02, 0.294; GCF_000738015.1, s__Bacillus stercoris, 95.0, 81.94, 0.275; GCF_000009045.1, s__Bacillus subtilis, 95.0, 81.75, 0.276; GCA_026790065.1, s__Bacillus sp026790065, 95.0, 81.68, 0.272; GCF_031317525.1, s__Bacillus tequilensis, 95.0, 81.61, 0.261; GCF_040784915.1, s__Bacillus subtilis_G, 95.0, 81.59, 0.259; GCF_004116955.1, s__Bacillus vallismortis, 95.0, 81.52, 0.257; GCA_020223575.2, s__Bacillus mexicanus, 95.0, 81.45, 0.256; GCF_018613535.1, s__Bacillus sp018613535, 95.0, 81.03, 0.206; GCF_000196735.1, s__Bacillus amyloliquefaciens, 95.0, 81.01, 0.179; GCF_001584325.1, s__Bacillus nakamurai, 95.0, 80.97, 0.194; GCF_001461825.1, s__Bacillus velezensis, 95.0, 80.25, 0.164; GCF_000262045.1, s__Bacillus siamensis, 95.0, 80.04, 0.173	96.92	11	N/A	N/A
HN00215192_CH2-11	d__Bacteria;p__Pseudomonadota;c__Gammaproteobacteria;o__Pseudomonadales;f__Moraxellaceae;g__Psychrobacter;s__Psychrobacter celer	GCF_016107555.1	95.0	d__Bacteria;p__Pseudomonadota;c__Gammaproteobacteria;o__Pseudomonadales;f__Moraxellaceae;g__Psychrobacter;s__Psychrobacter celer	95.42	0.804	GCF_016107555.1	95.0	d__Bacteria;p__Pseudomonadota;c__Gammaproteobacteria;o__Pseudomonadales;f__Moraxellaceae;g__Psychrobacter;s__Psychrobacter celer	95.42	0.804	d__Bacteria;p__Pseudomonadota;c__Gammaproteobacteria;o__Pseudomonadales;f__Moraxellaceae;g__Psychrobacter;s__	taxonomic classification defined by topology and ANI	topological placement and ANI have congruent species assignments	GCF_947495825.1, s__Psychrobacter sp947495825, 95.0, 82.41, 0.152; GCF_030408035.1, s__Psychrobacter sp030408035, 95.0, 81.03, 0.172	99.15	11	N/A	N/A
HN00222446_AMT-87013	d__Bacteria;p__Bacillota;c__Bacilli;o__Lactobacillales;f__Lactobacillaceae;g__Leuconostoc;s__Leuconostoc mesenteroides	GCF_000014445.1	95.0	d__Bacteria;p__Bacillota;c__Bacilli;o__Lactobacillales;f__Lactobacillaceae;g__Leuconostoc;s__Leuconostoc mesenteroides	99.48	0.933	GCF_000014445.1	95.0	d__Bacteria;p__Bacillota;c__Bacilli;o__Lactobacillales;f__Lactobacillaceae;g__Leuconostoc;s__Leuconostoc mesenteroides	99.48	0.933	d__Bacteria;p__Bacillota;c__Bacilli;o__Lactobacillales;f__Lactobacillaceae;g__Leuconostoc;s__	taxonomic classification defined by topology and ANI	topological placement and ANI have congruent species assignments	GCF_001891125.1, s__Leuconostoc suionicum, 95.0, 94.32, 0.815; GCA_009676745.1, s__Leuconostoc mesenteroides_B, 95.0, 91.6, 0.793; GCF_008107645.1, s__Leuconostoc litchii, 95.0, 81.83, 0.27	95.33	11	N/A	N/A
HN00222446_AMT73616	d__Bacteria;p__Bacillota;c__Bacilli;o__Lactobacillales;f__Lactobacillaceae;g__Lactiplantibacillus;s__Lactiplantibacillus plantarum	GCF_014131735.1	95.0	d__Bacteria;p__Bacillota;c__Bacilli;o__Lactobacillales;f__Lactobacillaceae;g__Lactiplantibacillus;s__Lactiplantibacillus plantarum	99.59	0.948	GCF_014131735.1	95.0	d__Bacteria;p__Bacillota;c__Bacilli;o__Lactobacillales;f__Lactobacillaceae;g__Lactiplantibacillus;s__Lactiplantibacillus plantarum	99.59	0.948	d__Bacteria;p__Bacillota;c__Bacilli;o__Lactobacillales;f__Lactobacillaceae;g__Lactiplantibacillus;s__	taxonomic classification defined by topology and ANI	topological placement and ANI have congruent species assignments	GCF_032681335.1, s__Lactiplantibacillus sp032681335, 95.0, 90.41, 0.604; GCF_003641145.1, s__Lactiplantibacillus paraplantarum, 95.0, 88.68, 0.544; GCF_003641185.1, s__Lactiplantibacillus pentosus, 95.0, 82.8, 0.219; GCA_000463075.2, s__Lactiplantibacillus plantarum_A, 95.0, 82.35, 0.202	93.29	11	N/A	N/A
HN00222446_CH2-30	d__Bacteria;p__Pseudomonadota;c__Gammaproteobacteria;o__Pseudomonadales;f__Moraxellaceae;g__Psychrobacter;s__Psychrobacter celer	GCF_016107555.1	95.0	d__Bacteria;p__Pseudomonadota;c__Gammaproteobacteria;o__Pseudomonadales;f__Moraxellaceae;g__Psychrobacter;s__Psychrobacter celer	95.4	0.804	GCF_016107555.1	95.0	d__Bacteria;p__Pseudomonadota;c__Gammaproteobacteria;o__Pseudomonadales;f__Moraxellaceae;g__Psychrobacter;s__Psychrobacter celer	95.4	0.804	d__Bacteria;p__Pseudomonadota;c__Gammaproteobacteria;o__Pseudomonadales;f__Moraxellaceae;g__Psychrobacter;s__	taxonomic classification defined by topology and ANI	topological placement and ANI have congruent species assignments	GCF_947495825.1, s__Psychrobacter sp947495825, 95.0, 82.41, 0.151; GCF_030408035.1, s__Psychrobacter sp030408035, 95.0, 81.07, 0.171	99.15	11	N/A	N/A
HN00222446_CHKJ1408	d__Bacteria;p__Bacillota;c__Bacilli;o__Bacillales;f__Bacillaceae;g__Bacillus;s__Bacillus paralicheniformis	GCF_001042485.2	95.0	d__Bacteria;p__Bacillota;c__Bacilli;o__Bacillales;f__Bacillaceae;g__Bacillus;s__Bacillus paralicheniformis	98.44	0.916	GCF_001042485.2	95.0	d__Bacteria;p__Bacillota;c__Bacilli;o__Bacillales;f__Bacillaceae;g__Bacillus;s__Bacillus paralicheniformis	98.44	0.916	d__Bacteria;p__Bacillota;c__Bacilli;o__Bacillales;f__Bacillaceae;g__Bacillus;s__	taxonomic classification defined by topology and ANI	topological placement and ANI have congruent species assignments	GCF_000011645.1, s__Bacillus licheniformis, 95.0, 94.98, 0.917; GCF_001969855.1, s__Bacillus haynesii, 95.2, 94.88, 0.886; GCF_001969815.1, s__Bacillus swezeyi, 95.0, 84.47, 0.451; GCF_029537375.1, s__Bacillus sonorensis_A, 95.0, 84.24, 0.428; GCF_001042475.2, s__Bacillus glycinifermentans, 95.0, 83.71, 0.332; GCF_001592005.1, s__Bacillus sonorensis, 95.0, 83.55, 0.372	96.9	11	N/A	N/A
HN00222446_FA0107	d__Bacteria;p__Bacillota;c__Bacilli;o__Bacillales;f__Bacillaceae;g__Bacillus;s__Bacillus velezensis	GCF_001461825.1	95.0	d__Bacteria;p__Bacillota;c__Bacilli;o__Bacillales;f__Bacillaceae;g__Bacillus;s__Bacillus velezensis	98.58	0.926	GCF_001461825.1	95.0	d__Bacteria;p__Bacillota;c__Bacilli;o__Bacillales;f__Bacillaceae;g__Bacillus;s__Bacillus velezensis	98.58	0.926	d__Bacteria;p__Bacillota;c__Bacilli;o__Bacillales;f__Bacillaceae;g__Bacillus;s__	taxonomic classification defined by topology and ANI	topological placement and ANI have congruent species assignments	GCF_000262045.1, s__Bacillus siamensis, 95.0, 94.04, 0.883; GCF_000196735.1, s__Bacillus amyloliquefaciens, 95.0, 93.91, 0.855; GCF_001584325.1, s__Bacillus nakamurai, 95.0, 87.76, 0.688; GCF_018613535.1, s__Bacillus sp018613535, 95.0, 87.45, 0.682; GCF_004124315.2, s__Bacillus cabrialesii, 95.0, 81.43, 0.2; GCF_040784915.1, s__Bacillus subtilis_G, 95.0, 81.21, 0.182; GCF_000009045.1, s__Bacillus subtilis, 95.0, 81.17, 0.189; GCF_031317525.1, s__Bacillus tequilensis, 95.0, 80.95, 0.194; GCF_000332645.1, s__Bacillus inaquosorum, 95.0, 80.82, 0.195; GCF_004116955.1, s__Bacillus vallismortis, 95.0, 80.81, 0.182; GCF_001517105.1, s__Bacillus halotolerans, 95.0, 80.77, 0.21; GCF_031316495.1, s__Bacillus spizizenii, 95.0, 80.75, 0.186; GCF_000738015.1, s__Bacillus stercoris, 95.0, 80.64, 0.18; GCF_031316635.1, s__Bacillus mojavensis, 95.47, 80.52, 0.185; GCA_026790065.1, s__Bacillus sp026790065, 95.0, 80.48, 0.177; GCF_011745685.2, s__Bacillus rugosus, 95.0, 80.47, 0.179; GCA_020223575.2, s__Bacillus mexicanus, 95.0, 80.19, 0.163; GCF_001584335.1, s__Bacillus atrophaeus, 95.0, 80.12, 0.171	95.85	11	N/A	N/A
HN00222446_FA0422	d__Bacteria;p__Bacillota;c__Bacilli;o__Bacillales;f__Bacillaceae;g__Bacillus;s__Bacillus velezensis	GCF_001461825.1	95.0	d__Bacteria;p__Bacillota;c__Bacilli;o__Bacillales;f__Bacillaceae;g__Bacillus;s__Bacillus velezensis	98.52	0.908	GCF_001461825.1	95.0	d__Bacteria;p__Bacillota;c__Bacilli;o__Bacillales;f__Bacillaceae;g__Bacillus;s__Bacillus velezensis	98.52	0.908	d__Bacteria;p__Bacillota;c__Bacilli;o__Bacillales;f__Bacillaceae;g__Bacillus;s__	taxonomic classification defined by topology and ANI	topological placement and ANI have congruent species assignments	GCF_000262045.1, s__Bacillus siamensis, 95.0, 94.05, 0.886; GCF_000196735.1, s__Bacillus amyloliquefaciens, 95.0, 93.91, 0.843; GCF_001584325.1, s__Bacillus nakamurai, 95.0, 87.74, 0.693; GCF_018613535.1, s__Bacillus sp018613535, 95.0, 87.5, 0.691; GCF_000009045.1, s__Bacillus subtilis, 95.0, 81.35, 0.187; GCF_004124315.2, s__Bacillus cabrialesii, 95.0, 81.3, 0.202; GCF_040784915.1, s__Bacillus subtilis_G, 95.0, 81.01, 0.174; GCF_031317525.1, s__Bacillus tequilensis, 95.0, 80.98, 0.197; GCF_001517105.1, s__Bacillus halotolerans, 95.0, 80.89, 0.212; GCF_011745685.2, s__Bacillus rugosus, 95.0, 80.67, 0.186; GCA_026790065.1, s__Bacillus sp026790065, 95.0, 80.63, 0.182; GCF_004116955.1, s__Bacillus vallismortis, 95.0, 80.61, 0.185; GCF_031316495.1, s__Bacillus spizizenii, 95.0, 80.58, 0.183; GCF_000738015.1, s__Bacillus stercoris, 95.0, 80.58, 0.174; GCF_031316635.1, s__Bacillus mojavensis, 95.47, 80.55, 0.19; GCF_000332645.1, s__Bacillus inaquosorum, 95.0, 80.53, 0.195; GCA_020223575.2, s__Bacillus mexicanus, 95.0, 80.1, 0.166; GCF_001584335.1, s__Bacillus atrophaeus, 95.0, 80.07, 0.171	95.87	11	N/A	N/A
HN00222446_FA0508	d__Bacteria;p__Bacillota;c__Bacilli;o__Paenibacillales;f__Paenibacillaceae;g__Paenibacillus;s__	N/A	N/A	N/A	N/A	N/A	N/A	N/A	N/A	N/A	N/A	d__Bacteria;p__Bacillota;c__Bacilli;o__Paenibacillales;f__Paenibacillaceae;g__Paenibacillus;s__	taxonomic classification defined by topology and ANI	classification based on placement in class-level tree	GCF_014844075.1, s__Paenibacillus sp014844075, 95.0, 85.17, 0.396; GCF_001514495.1, s__Paenibacillus pabuli, 95.0, 85.12, 0.41; GCF_013359935.1, s__Paenibacillus xylanilyticus, 95.0, 84.98, 0.408; GCF_001280595.1, s__Paenibacillus xylanivorans, 95.0, 84.53, 0.387; GCF_028771845.1, s__Paenibacillus marchantiae, 95.02, 84.51, 0.395; GCF_039831995.1, s__Paenibacillus pabuli_C, 95.0, 84.5, 0.397; GCF_030433635.1, s__Paenibacillus vandeheii, 95.0, 84.45, 0.386; GCF_032399705.1, s__Paenibacillus taichungensis_A, 95.0, 84.44, 0.38; GCF_013401555.1, s__Paenibacillus sp900110055, 95.0, 84.34, 0.366; GCF_013359905.1, s__Paenibacillus taichungensis, 95.0, 84.3, 0.368; GCF_023101145.1, s__Paenibacillus pabuli_B, 95.0, 84.27, 0.378; GCF_009664365.1, s__Paenibacillus xylanilyticus_A, 95.0, 83.98, 0.372; GCF_004000925.1, s__Paenibacillus illinoisensis, 95.12, 83.82, 0.38; GCF_022346995.1, s__Paenibacillus sp022346995, 95.0, 83.76, 0.36; GCF_037974265.1, s__Paenibacillus sp037974265, 95.55, 83.69, 0.33; GCF_030815985.1, s__Paenibacillus sp030815985, 95.6, 83.66, 0.312; GCF_037975235.1, s__Paenibacillus amylolyticus_A, 95.0, 83.62, 0.311; GCF_003224455.1, s__Paenibacillus illinoisensis_A, 95.0, 83.57, 0.338; GCF_037991315.1, s__Paenibacillus sp012912005, 95.0, 83.53, 0.318; GCF_007676705.1, s__Paenibacillus xylanexedens_C, 95.0, 83.48, 0.331; GCF_008386395.1, s__Paenibacillus amylolyticus_B, 95.0, 83.32, 0.297; GCF_024159265.1, s__Paenibacillus sp024159265, 95.0, 83.26, 0.295; GCF_000316035.1, s__Paenibacillus sp000316035, 95.0, 83.25, 0.311; GCF_001908275.1, s__Paenibacillus xylanexedens_A, 95.18, 83.25, 0.3; GCF_037974355.1, s__Paenibacillus sp037974355, 95.0, 83.22, 0.308; GCF_026013365.1, s__Paenibacillus sp026013365, 95.0, 83.19, 0.292; GCF_017874615.1, s__Paenibacillus xylanexedens, 96.19, 83.17, 0.297; GCF_018614975.1, s__Paenibacillus polymyxa_E, 95.0, 83.16, 0.312; GCF_037971845.1, s__Paenibacillus sp001955855, 95.66, 83.14, 0.318; GCA_022836915.1, s__Paenibacillus sp900101225, 95.0, 83.08, 0.301; GCF_004001025.1, s__Paenibacillus amylolyticus, 96.35, 83.01, 0.291; GCF_032452295.1, s__Paenibacillus sp032452295, 95.0, 82.9, 0.3; GCA_038005685.1, s__Paenibacillus sp038005685, 95.0, 82.89, 0.299; GCF_029689945.1, s__Paenibacillus amylolyticus_E, 95.0, 82.84, 0.284; GCF_002968835.1, s__Paenibacillus sp002968835, 95.0, 82.68, 0.275; GCF_003268635.1, s__Paenibacillus sp003268635, 95.0, 82.11, 0.175; GCF_036884255.1, s__Paenibacillus sp001426865, 95.0, 81.83, 0.179; GCF_022346845.1, s__Paenibacillus sp022346845, 95.0, 81.67, 0.167; GCF_030812775.1, s__Paenibacillus tundrae_A, 95.0, 81.54, 0.177	88.4	11	0.96982	Genome has more than 10.8% of markers with multiple hits
HN00222446_GS40726	d__Bacteria;p__Bacillota;c__Bacilli;o__Lactobacillales;f__Lactobacillaceae;g__Levilactobacillus;s__Levilactobacillus brevis	GCF_001433855.1	95.0	d__Bacteria;p__Bacillota;c__Bacilli;o__Lactobacillales;f__Lactobacillaceae;g__Levilactobacillus;s__Levilactobacillus brevis	97.18	0.878	GCF_001433855.1	95.0	d__Bacteria;p__Bacillota;c__Bacilli;o__Lactobacillales;f__Lactobacillaceae;g__Levilactobacillus;s__Levilactobacillus brevis	97.18	0.878	d__Bacteria;p__Bacillota;c__Bacilli;o__Lactobacillales;f__Lactobacillaceae;g__Levilactobacillus;s__	taxonomic classification defined by topology and ANI	topological placement and ANI have congruent species assignments	N/A	95.75	11	N/A	N/A
HN00222446_GSY0035	d__Bacteria;p__Bacillota;c__Bacilli;o__Bacillales;f__Bacillaceae;g__Bacillus;s__Bacillus velezensis	GCF_001461825.1	95.0	d__Bacteria;p__Bacillota;c__Bacilli;o__Bacillales;f__Bacillaceae;g__Bacillus;s__Bacillus velezensis	97.61	0.928	GCF_001461825.1	95.0	d__Bacteria;p__Bacillota;c__Bacilli;o__Bacillales;f__Bacillaceae;g__Bacillus;s__Bacillus velezensis	97.61	0.928	d__Bacteria;p__Bacillota;c__Bacilli;o__Bacillales;f__Bacillaceae;g__Bacillus;s__	taxonomic classification defined by topology and ANI	topological placement and ANI have congruent species assignments	GCF_000262045.1, s__Bacillus siamensis, 95.0, 94.27, 0.908; GCF_000196735.1, s__Bacillus amyloliquefaciens, 95.0, 93.87, 0.856; GCF_001584325.1, s__Bacillus nakamurai, 95.0, 87.49, 0.68; GCF_018613535.1, s__Bacillus sp018613535, 95.0, 87.36, 0.684; GCF_004124315.2, s__Bacillus cabrialesii, 95.0, 81.16, 0.198; GCF_000009045.1, s__Bacillus subtilis, 95.0, 81.06, 0.184; GCF_004116955.1, s__Bacillus vallismortis, 95.0, 81.02, 0.176; GCF_001517105.1, s__Bacillus halotolerans, 95.0, 80.93, 0.201; GCF_031317525.1, s__Bacillus tequilensis, 95.0, 80.92, 0.193; GCF_000332645.1, s__Bacillus inaquosorum, 95.0, 80.9, 0.188; GCF_031316495.1, s__Bacillus spizizenii, 95.0, 80.84, 0.181; GCF_040784915.1, s__Bacillus subtilis_G, 95.0, 80.63, 0.178; GCA_026790065.1, s__Bacillus sp026790065, 95.0, 80.63, 0.171; GCF_031316635.1, s__Bacillus mojavensis, 95.47, 80.59, 0.191; GCF_000738015.1, s__Bacillus stercoris, 95.0, 80.57, 0.176; GCF_011745685.2, s__Bacillus rugosus, 95.0, 80.4, 0.169; GCA_020223575.2, s__Bacillus mexicanus, 95.0, 80.1, 0.171; GCF_001584335.1, s__Bacillus atrophaeus, 95.0, 80.07, 0.175	96.19	11	N/A	N/A
HN00222446_JJ1-101	d__Bacteria;p__Actinomycetota;c__Actinomycetes;o__Actinomycetales;f__Micrococcaceae;g__Micrococcus;s__Micrococcus luteus	GCF_000023205.1	95.0	d__Bacteria;p__Actinomycetota;c__Actinomycetes;o__Actinomycetales;f__Micrococcaceae;g__Micrococcus;s__Micrococcus luteus	96.93	0.849	GCF_000023205.1	95.0	d__Bacteria;p__Actinomycetota;c__Actinomycetes;o__Actinomycetales;f__Micrococcaceae;g__Micrococcus;s__Micrococcus luteus	96.93	0.849	d__Bacteria;p__Actinomycetota;c__Actinomycetes;o__Actinomycetales;f__Micrococcaceae;g__Micrococcus;s__	taxonomic classification defined by topology and ANI	topological placement and ANI have congruent species assignments	GCF_014205115.1, s__Micrococcus endophyticus, 95.0, 89.81, 0.607; GCF_020097155.1, s__Micrococcus porci, 95.0, 86.68, 0.388; GCF_023155805.1, s__Micrococcus lacusdianchii, 95.0, 86.18, 0.377; GCF_039519235.1, s__Micrococcus sp023147585, 95.0, 85.42, 0.379; GCF_014204815.1, s__Micrococcus flavus, 95.0, 84.92, 0.366; GCA_946222435.1, s__Micrococcus sp946222435, 95.0, 84.58, 0.168; GCF_030523875.1, s__Micrococcus sp030523875, 95.0, 84.33, 0.31; GCF_034179925.1, s__Micrococcus sp034179925, 95.0, 82.15, 0.23; GCF_001570885.1, s__Micrococcus lylae, 95.0, 82.05, 0.188	98.01	11	N/A	N/A
HN00222446_KO11-19	d__Bacteria;p__Bacillota;c__Bacilli;o__Staphylococcales;f__Staphylococcaceae;g__Staphylococcus;s__Staphylococcus equorum	GCF_029024965.1	95.0	d__Bacteria;p__Bacillota;c__Bacilli;o__Staphylococcales;f__Staphylococcaceae;g__Staphylococcus;s__Staphylococcus equorum	97.48	0.886	GCF_029024965.1	95.0	d__Bacteria;p__Bacillota;c__Bacilli;o__Staphylococcales;f__Staphylococcaceae;g__Staphylococcus;s__Staphylococcus equorum	97.48	0.886	d__Bacteria;p__Bacillota;c__Bacilli;o__Staphylococcales;f__Staphylococcaceae;g__Staphylococcus;s__	taxonomic classification defined by topology and ANI	topological placement and ANI have congruent species assignments	GCA_039234925.1, s__Staphylococcus equorum_A, 95.0, 94.59, 0.876; GCF_001431205.1, s__Staphylococcus sp001431205, 95.0, 92.78, 0.81; GCF_029531845.1, s__Staphylococcus equorum_C, 95.0, 92.42, 0.827; GCA_040062795.1, s__Staphylococcus aureus_A, 95.0, 84.57, 0.465; GCF_029024945.1, s__Staphylococcus succinus, 95.0, 81.81, 0.242; GCF_000010125.1, s__Staphylococcus saprophyticus, 95.0, 81.78, 0.22; GCF_033597815.2, s__Staphylococcus xylosus_B, 95.0, 81.72, 0.217; GCA_013391405.1, s__Staphylococcus sp013391405, 95.0, 81.46, 0.202; GCF_002902235.1, s__Staphylococcus ureilyticus, 95.0, 81.36, 0.15; GCF_002732165.1, s__Staphylococcus xylosus, 95.0, 81.12, 0.216; GCF_900097965.1, s__Staphylococcus caeli, 95.0, 80.97, 0.177; GCF_003697915.1, s__Staphylococcus pseudoxylosus, 95.0, 80.89, 0.208; GCF_017583065.1, s__Staphylococcus shinii, 95.0, 80.81, 0.222; GCF_002614725.1, s__Staphylococcus edaphicus, 95.0, 80.76, 0.2	97.54	11	N/A	N/A
HN00222446_Sea08-36	d__Bacteria;p__Bacillota;c__Bacilli;o__Paenibacillales;f__NBRC-103111;g__Paenibacillus_F;s__Paenibacillus_F chitinolyticus_A	GCF_035804015.1	95.0	d__Bacteria;p__Bacillota;c__Bacilli;o__Paenibacillales;f__NBRC-103111;g__Paenibacillus_F;s__Paenibacillus_F chitinolyticus_A	98.6	0.921	GCF_035804015.1	95.0	d__Bacteria;p__Bacillota;c__Bacilli;o__Paenibacillales;f__NBRC-103111;g__Paenibacillus_F;s__Paenibacillus_F chitinolyticus_A	98.6	0.921	d__Bacteria;p__Bacillota;c__Bacilli;o__Paenibacillales;f__NBRC-103111;g__Paenibacillus_F;s__	taxonomic classification defined by topology and ANI	topological placement and ANI have congruent species assignments	GCF_000411255.1, s__Paenibacillus_F sp000411255, 95.0, 95.06, 0.835; GCF_000739915.1, s__Paenibacillus_F chitinolyticus, 95.0, 93.24, 0.807; GCF_900107975.1, s__Paenibacillus_F sp900107975, 95.0, 90.67, 0.753	91.46	11	N/A	N/A
HN00222446_T1-19	d__Bacteria;p__Bacillota;c__Bacilli;o__Bacillales;f__Bacillaceae;g__Bacillus;s__Bacillus subtilis	GCF_000009045.1	95.0	d__Bacteria;p__Bacillota;c__Bacilli;o__Bacillales;f__Bacillaceae;g__Bacillus;s__Bacillus subtilis	98.47	0.895	GCF_000009045.1	95.0	d__Bacteria;p__Bacillota;c__Bacilli;o__Bacillales;f__Bacillaceae;g__Bacillus;s__Bacillus subtilis	98.47	0.895	d__Bacteria;p__Bacillota;c__Bacilli;o__Bacillales;f__Bacillaceae;g__Bacillus;s__	taxonomic classification defined by topology and ANI	topological placement and ANI have congruent species assignments	GCF_000738015.1, s__Bacillus stercoris, 95.0, 94.61, 0.854; GCF_031316495.1, s__Bacillus spizizenii, 95.0, 92.28, 0.821; GCF_004124315.2, s__Bacillus cabrialesii, 95.0, 92.24, 0.834; GCF_000332645.1, s__Bacillus inaquosorum, 95.0, 92.24, 0.829; GCA_026790065.1, s__Bacillus sp026790065, 95.0, 91.97, 0.829; GCF_011745685.2, s__Bacillus rugosus, 95.0, 91.85, 0.83; GCF_040784915.1, s__Bacillus subtilis_G, 95.0, 91.57, 0.793; GCF_031317525.1, s__Bacillus tequilensis, 95.0, 91.29, 0.774; GCF_004116955.1, s__Bacillus vallismortis, 95.0, 90.92, 0.771; GCA_020223575.2, s__Bacillus mexicanus, 95.0, 90.16, 0.745; GCF_001517105.1, s__Bacillus halotolerans, 95.0, 88.17, 0.703; GCF_031316635.1, s__Bacillus mojavensis, 95.47, 88.02, 0.707; GCF_001584335.1, s__Bacillus atrophaeus, 95.0, 81.38, 0.254; GCF_000196735.1, s__Bacillus amyloliquefaciens, 95.0, 81.08, 0.169; GCF_000262045.1, s__Bacillus siamensis, 95.0, 80.83, 0.177; GCF_018613535.1, s__Bacillus sp018613535, 95.0, 80.76, 0.195; GCF_001584325.1, s__Bacillus nakamurai, 95.0, 80.58, 0.182; GCF_001461825.1, s__Bacillus velezensis, 95.0, 80.57, 0.17	97.02	11	N/A	N/A
HN00223109_AMT-912213	d__Bacteria;p__Bacillota;c__Bacilli;o__Lactobacillales;f__Lactobacillaceae;g__Weissella;s__Weissella cibaria	GCF_000193635.1	95.0	d__Bacteria;p__Bacillota;c__Bacilli;o__Lactobacillales;f__Lactobacillaceae;g__Weissella;s__Weissella cibaria	96.19	0.904	GCF_000193635.1	95.0	d__Bacteria;p__Bacillota;c__Bacilli;o__Lactobacillales;f__Lactobacillaceae;g__Weissella;s__Weissella cibaria	96.19	0.904	d__Bacteria;p__Bacillota;c__Bacilli;o__Lactobacillales;f__Lactobacillaceae;g__Weissella;s__	taxonomic classification defined by topology and ANI	topological placement and ANI have congruent species assignments	GCF_004521965.1, s__Weissella cibaria_A, 95.0, 93.52, 0.842; GCA_041871065.1, s__Weissella confusa_A, 95.0, 83.41, 0.215; GCF_025908565.2, s__Weissella fermenti, 95.0, 83.11, 0.184; GCF_007991875.1, s__Weissella confusa, 95.0, 82.53, 0.196	95.39	11	N/A	N/A
HN00223109_MK1-41	d__Bacteria;p__Bacillota;c__Bacilli;o__Lactobacillales;f__Enterococcaceae;g__Enterococcus_B;s__Enterococcus_B faecium	GCF_029023785.1	95.0	d__Bacteria;p__Bacillota;c__Bacilli;o__Lactobacillales;f__Enterococcaceae;g__Enterococcus_B;s__Enterococcus_B faecium	98.86	0.892	GCF_029023785.1	95.0	d__Bacteria;p__Bacillota;c__Bacilli;o__Lactobacillales;f__Enterococcaceae;g__Enterococcus_B;s__Enterococcus_B faecium	98.86	0.892	d__Bacteria;p__Bacillota;c__Bacilli;o__Lactobacillales;f__Enterococcaceae;g__Enterococcus_B;s__	taxonomic classification defined by topology and ANI	topological placement and ANI have congruent species assignments	GCF_015751045.1, s__Enterococcus_B lactis, 95.0, 94.35, 0.818; GCF_001544215.1, s__Enterococcus_B durans, 95.0, 82.55, 0.152; GCF_011038845.1, s__Enterococcus_B sp011038845, 95.0, 81.36, 0.174	97.64	11	N/A	N/A
HN00223109_T7-42	d__Bacteria;p__Bacillota;c__Bacilli;o__Lactobacillales;f__Lactobacillaceae;g__Pediococcus;s__Pediococcus acidilactici	GCF_000146325.1	95.0	d__Bacteria;p__Bacillota;c__Bacilli;o__Lactobacillales;f__Lactobacillaceae;g__Pediococcus;s__Pediococcus acidilactici	97.35	0.85	GCF_000146325.1	95.0	d__Bacteria;p__Bacillota;c__Bacilli;o__Lactobacillales;f__Lactobacillaceae;g__Pediococcus;s__Pediococcus acidilactici	97.35	0.85	d__Bacteria;p__Bacillota;c__Bacilli;o__Lactobacillales;f__Lactobacillaceae;g__Pediococcus;s__	taxonomic classification defined by topology and ANI	topological placement and ANI have congruent species assignments	GCA_024970065.1, s__Pediococcus acidilactici_A, 95.0, 91.03, 0.706	94.94	11	N/A	N/A
HN00223109_TPP6047	d__Bacteria;p__Bacillota;c__Bacilli;o__Bacillales;f__Bacillaceae;g__Bacillus;s__Bacillus velezensis	GCF_001461825.1	95.0	d__Bacteria;p__Bacillota;c__Bacilli;o__Bacillales;f__Bacillaceae;g__Bacillus;s__Bacillus velezensis	97.43	0.93	GCF_001461825.1	95.0	d__Bacteria;p__Bacillota;c__Bacilli;o__Bacillales;f__Bacillaceae;g__Bacillus;s__Bacillus velezensis	97.43	0.93	d__Bacteria;p__Bacillota;c__Bacilli;o__Bacillales;f__Bacillaceae;g__Bacillus;s__	taxonomic classification defined by topology and ANI	topological placement and ANI have congruent species assignments	GCF_000262045.1, s__Bacillus siamensis, 95.0, 94.15, 0.898; GCF_000196735.1, s__Bacillus amyloliquefaciens, 95.0, 93.88, 0.854; GCF_001584325.1, s__Bacillus nakamurai, 95.0, 87.38, 0.68; GCF_018613535.1, s__Bacillus sp018613535, 95.0, 87.17, 0.682; GCF_004124315.2, s__Bacillus cabrialesii, 95.0, 81.39, 0.196; GCF_000009045.1, s__Bacillus subtilis, 95.0, 81.3, 0.183; GCF_031317525.1, s__Bacillus tequilensis, 95.0, 81.08, 0.199; GCF_004116955.1, s__Bacillus vallismortis, 95.0, 80.93, 0.175; GCF_000332645.1, s__Bacillus inaquosorum, 95.0, 80.82, 0.192; GCF_040784915.1, s__Bacillus subtilis_G, 95.0, 80.79, 0.177; GCF_001517105.1, s__Bacillus halotolerans, 95.0, 80.73, 0.207; GCA_026790065.1, s__Bacillus sp026790065, 95.0, 80.67, 0.173; GCF_031316635.1, s__Bacillus mojavensis, 95.47, 80.5, 0.191; GCF_031316495.1, s__Bacillus spizizenii, 95.0, 80.48, 0.174; GCF_000738015.1, s__Bacillus stercoris, 95.0, 80.44, 0.177; GCF_011745685.2, s__Bacillus rugosus, 95.0, 80.17, 0.171; GCA_020223575.2, s__Bacillus mexicanus, 95.0, 80.05, 0.172; GCF_001584335.1, s__Bacillus atrophaeus, 95.0, 80.03, 0.167	96.05	11	N/A	N/A
HN00226248_AMT-63123	d__Bacteria;p__Bacillota;c__Bacilli;o__Lactobacillales;f__Lactobacillaceae;g__Lactiplantibacillus;s__Lactiplantibacillus plantarum	GCF_014131735.1	95.0	d__Bacteria;p__Bacillota;c__Bacilli;o__Lactobacillales;f__Lactobacillaceae;g__Lactiplantibacillus;s__Lactiplantibacillus plantarum	99.71	0.948	GCF_014131735.1	95.0	d__Bacteria;p__Bacillota;c__Bacilli;o__Lactobacillales;f__Lactobacillaceae;g__Lactiplantibacillus;s__Lactiplantibacillus plantarum	99.71	0.948	d__Bacteria;p__Bacillota;c__Bacilli;o__Lactobacillales;f__Lactobacillaceae;g__Lactiplantibacillus;s__	taxonomic classification defined by topology and ANI	topological placement and ANI have congruent species assignments	GCF_032681335.1, s__Lactiplantibacillus sp032681335, 95.0, 90.41, 0.602; GCF_003641145.1, s__Lactiplantibacillus paraplantarum, 95.0, 88.6, 0.535; GCF_003641185.1, s__Lactiplantibacillus pentosus, 95.0, 82.78, 0.223; GCA_000463075.2, s__Lactiplantibacillus plantarum_A, 95.0, 82.41, 0.206	93.27	11	N/A	N/A
HN00226248_TPP3038	d__Bacteria;p__Bacillota;c__Bacilli;o__Bacillales;f__Bacillaceae;g__Bacillus;s__Bacillus velezensis	GCF_001461825.1	95.0	d__Bacteria;p__Bacillota;c__Bacilli;o__Bacillales;f__Bacillaceae;g__Bacillus;s__Bacillus velezensis	97.59	0.93	GCF_001461825.1	95.0	d__Bacteria;p__Bacillota;c__Bacilli;o__Bacillales;f__Bacillaceae;g__Bacillus;s__Bacillus velezensis	97.59	0.93	d__Bacteria;p__Bacillota;c__Bacilli;o__Bacillales;f__Bacillaceae;g__Bacillus;s__	taxonomic classification defined by topology and ANI	topological placement and ANI have congruent species assignments	GCF_000262045.1, s__Bacillus siamensis, 95.0, 94.27, 0.903; GCF_000196735.1, s__Bacillus amyloliquefaciens, 95.0, 93.72, 0.848; GCF_001584325.1, s__Bacillus nakamurai, 95.0, 87.41, 0.681; GCF_018613535.1, s__Bacillus sp018613535, 95.0, 87.28, 0.694; GCF_004124315.2, s__Bacillus cabrialesii, 95.0, 81.52, 0.191; GCF_000009045.1, s__Bacillus subtilis, 95.0, 81.42, 0.183; GCF_040784915.1, s__Bacillus subtilis_G, 95.0, 81.15, 0.175; GCF_031317525.1, s__Bacillus tequilensis, 95.0, 81.1, 0.195; GCF_004116955.1, s__Bacillus vallismortis, 95.0, 81.02, 0.169; GCF_001517105.1, s__Bacillus halotolerans, 95.0, 80.95, 0.206; GCF_000332645.1, s__Bacillus inaquosorum, 95.0, 80.82, 0.191; GCA_026790065.1, s__Bacillus sp026790065, 95.0, 80.74, 0.172; GCF_031316635.1, s__Bacillus mojavensis, 95.47, 80.65, 0.191; GCF_031316495.1, s__Bacillus spizizenii, 95.0, 80.54, 0.176; GCF_000738015.1, s__Bacillus stercoris, 95.0, 80.46, 0.176; GCF_011745685.2, s__Bacillus rugosus, 95.0, 80.27, 0.171; GCF_001584335.1, s__Bacillus atrophaeus, 95.0, 80.27, 0.169; GCA_020223575.2, s__Bacillus mexicanus, 95.0, 80.14, 0.173	95.35	11	N/A	N/A
HN00234071_Bifi-B2104	d__Bacteria;p__Actinomycetota;c__Actinomycetes;o__Actinomycetales;f__Bifidobacteriaceae;g__Bifidobacterium;s__Bifidobacterium animalis	GCF_000260715.1	95.08	d__Bacteria;p__Actinomycetota;c__Actinomycetes;o__Actinomycetales;f__Bifidobacteriaceae;g__Bifidobacterium;s__Bifidobacterium animalis	95.66	0.877	GCF_000260715.1	95.08	d__Bacteria;p__Actinomycetota;c__Actinomycetes;o__Actinomycetales;f__Bifidobacteriaceae;g__Bifidobacterium;s__Bifidobacterium animalis	95.66	0.877	d__Bacteria;p__Actinomycetota;c__Actinomycetes;o__Actinomycetales;f__Bifidobacteriaceae;g__Bifidobacterium;s__	taxonomic classification defined by topology and ANI	topological placement and ANI have congruent species assignments	GCA_004154635.1, s__Bifidobacterium animalis_B, 95.0, 95.07, 0.865	94.94	11	N/A	N/A
HN00251139_BGIL25015	d__Bacteria;p__Bacillota;c__Bacilli;o__Bacillales_H;f__Bacillaceae_D;g__Shouchella;s__Shouchella rhizosphaerae	GCF_900142675.1	95.37	d__Bacteria;p__Bacillota;c__Bacilli;o__Bacillales_H;f__Bacillaceae_D;g__Shouchella;s__Shouchella rhizosphaerae	99.32	0.974	GCF_900142675.1	95.37	d__Bacteria;p__Bacillota;c__Bacilli;o__Bacillales_H;f__Bacillaceae_D;g__Shouchella;s__Shouchella rhizosphaerae	99.32	0.974	d__Bacteria;p__Bacillota;c__Bacilli;o__Bacillales_H;f__Bacillaceae_D;g__Shouchella;s__	taxonomic classification defined by topology and ANI	topological placement and ANI have congruent species assignments	GCF_002250115.1, s__Shouchella clausii, 95.0, 95.31, 0.89; GCF_025770735.1, s__Shouchella tritolerans, 95.0, 92.9, 0.845	95.35	11	N/A	N/A
HN00251139_BGIL25041	d__Bacteria;p__Bacillota;c__Bacilli;o__Bacillales_H;f__Bacillaceae_D;g__Alkalicoccobacillus;s__Alkalicoccobacillus gibsonii	GCF_016798245.1	95.0	d__Bacteria;p__Bacillota;c__Bacilli;o__Bacillales_H;f__Bacillaceae_D;g__Alkalicoccobacillus;s__Alkalicoccobacillus gibsonii	96.56	0.874	GCF_016798245.1	95.0	d__Bacteria;p__Bacillota;c__Bacilli;o__Bacillales_H;f__Bacillaceae_D;g__Alkalicoccobacillus;s__Alkalicoccobacillus gibsonii	96.56	0.874	d__Bacteria;p__Bacillota;c__Bacilli;o__Bacillales_H;f__Bacillaceae_D;g__Alkalicoccobacillus;s__	taxonomic classification defined by topology and ANI	topological placement and ANI have congruent species assignments	GCA_037965595.1, s__Alkalicoccobacillus sp037965595, 95.0, 88.54, 0.718	96.76	11	N/A	N/A
HN00251139_BJS25001	d__Bacteria;p__Bacillota;c__Bacilli;o__Bacillales_D;f__Halobacillaceae;g__Salimicrobium;s__Salimicrobium humidisoli	GCF_002295105.1	95.0	d__Bacteria;p__Bacillota;c__Bacilli;o__Bacillales_D;f__Halobacillaceae;g__Salimicrobium;s__Salimicrobium humidisoli	97.6	0.897	GCF_002295105.1	95.0	d__Bacteria;p__Bacillota;c__Bacilli;o__Bacillales_D;f__Halobacillaceae;g__Salimicrobium;s__Salimicrobium humidisoli	97.6	0.897	d__Bacteria;p__Bacillota;c__Bacilli;o__Bacillales_D;f__Halobacillaceae;g__Salimicrobium;s__	taxonomic classification defined by topology and ANI	topological placement and ANI have congruent species assignments	GCF_900107115.1, s__Salimicrobium album, 95.0, 94.19, 0.871	95.31	11	N/A	N/A
HN00251139_BJS25005	d__Bacteria;p__Pseudomonadota;c__Alphaproteobacteria;o__Rhodobacterales;f__Rhodobacteraceae;g__Thalassorhabdomicrobium;s__Thalassorhabdomicrobium marinisediminis	GCF_003072065.1	95.0	d__Bacteria;p__Pseudomonadota;c__Alphaproteobacteria;o__Rhodobacterales;f__Rhodobacteraceae;g__Thalassorhabdomicrobium;s__Thalassorhabdomicrobium marinisediminis	96.02	0.872	GCF_003072065.1	95.0	d__Bacteria;p__Pseudomonadota;c__Alphaproteobacteria;o__Rhodobacterales;f__Rhodobacteraceae;g__Thalassorhabdomicrobium;s__Thalassorhabdomicrobium marinisediminis	96.02	0.872	d__Bacteria;p__Pseudomonadota;c__Alphaproteobacteria;o__Rhodobacterales;f__Rhodobacteraceae;g__;s__	taxonomic classification defined by topology and ANI	topological placement and ANI have congruent species assignments	N/A	97.99	11	N/A	N/A
HN00251139_BJS25013	d__Bacteria;p__Actinomycetota;c__Actinomycetes;o__Actinomycetales;f__Dermatophilaceae;g__Marihabitans;s__Marihabitans asiaticum	GCF_007828725.1	95.0	d__Bacteria;p__Actinomycetota;c__Actinomycetes;o__Actinomycetales;f__Dermatophilaceae;g__Marihabitans;s__Marihabitans asiaticum	98.57	0.894	GCF_007828725.1	95.0	d__Bacteria;p__Actinomycetota;c__Actinomycetes;o__Actinomycetales;f__Dermatophilaceae;g__Marihabitans;s__Marihabitans asiaticum	98.57	0.894	d__Bacteria;p__Actinomycetota;c__Actinomycetes;o__Actinomycetales;f__Dermatophilaceae;g__Marihabitans;s__	taxonomic classification defined by topology and ANI	topological placement and ANI have congruent species assignments	GCF_016888335.1, s__Marihabitans endophyticum, 95.0, 82.17, 0.238; GCF_020567375.1, s__Marihabitans melonis, 95.0, 81.71, 0.208	97.22	11	N/A	N/A
HN00251139_BJS25028	d__Bacteria;p__Bacillota;c__Bacilli;o__Staphylococcales;f__Salinicoccaceae;g__Salinicoccus;s__Salinicoccus roseus	GCF_003814515.1	95.0	d__Bacteria;p__Bacillota;c__Bacilli;o__Staphylococcales;f__Salinicoccaceae;g__Salinicoccus;s__Salinicoccus roseus	96.12	0.864	GCF_003814515.1	95.0	d__Bacteria;p__Bacillota;c__Bacilli;o__Staphylococcales;f__Salinicoccaceae;g__Salinicoccus;s__Salinicoccus roseus	96.12	0.864	d__Bacteria;p__Bacillota;c__Bacilli;o__Staphylococcales;f__Salinicoccaceae;g__Salinicoccus;s__	taxonomic classification defined by topology and ANI	topological placement and ANI have congruent species assignments	GCF_020786625.1, s__Salinicoccus sp020786625, 95.02, 94.37, 0.858; GCF_000712035.1, s__Salinicoccus luteus, 95.0, 89.05, 0.688; GCF_038561955.2, s__Salinicoccus sp038561955, 95.0, 87.55, 0.664; GCF_007713705.1, s__Salinicoccus cyprini, 95.0, 80.04, 0.203; GCF_009831115.1, s__Salinicoccus hispanicus, 95.0, 79.97, 0.183	96.7	11	N/A	N/A
HN00251139_BJS25031	d__Bacteria;p__Bacillota;c__Bacilli;o__Bacillales_B;f__DSM-18226;g__Bacillus_AB;s__Bacillus_AB infantis	GCF_000473245.1	95.0	d__Bacteria;p__Bacillota;c__Bacilli;o__Bacillales_B;f__DSM-18226;g__Bacillus_AB;s__Bacillus_AB infantis	98.92	0.946	GCF_000473245.1	95.0	d__Bacteria;p__Bacillota;c__Bacilli;o__Bacillales_B;f__DSM-18226;g__Bacillus_AB;s__Bacillus_AB infantis	98.92	0.946	d__Bacteria;p__Bacillota;c__Bacilli;o__Bacillales_B;f__DSM-18226;g__Bacillus_AB;s__	taxonomic classification defined by topology and ANI	topological placement and ANI have congruent species assignments	GCF_008180445.1, s__Bacillus_AB infantis_B, 95.0, 94.95, 0.872; GCF_020171945.1, s__Bacillus_AB infantis_A, 95.0, 91.98, 0.804	92.14	11	N/A	N/A
HN00251139_BJS25032	d__Bacteria;p__Actinomycetota;c__Actinomycetes;o__Actinomycetales;f__Dermatophilaceae;g__Marihabitans;s__Marihabitans asiaticum	GCF_007828725.1	95.0	d__Bacteria;p__Actinomycetota;c__Actinomycetes;o__Actinomycetales;f__Dermatophilaceae;g__Marihabitans;s__Marihabitans asiaticum	98.8	0.918	GCF_007828725.1	95.0	d__Bacteria;p__Actinomycetota;c__Actinomycetes;o__Actinomycetales;f__Dermatophilaceae;g__Marihabitans;s__Marihabitans asiaticum	98.8	0.918	d__Bacteria;p__Actinomycetota;c__Actinomycetes;o__Actinomycetales;f__Dermatophilaceae;g__Marihabitans;s__	taxonomic classification defined by topology and ANI	topological placement and ANI have congruent species assignments	GCF_016888335.1, s__Marihabitans endophyticum, 95.0, 82.05, 0.233; GCF_020567375.1, s__Marihabitans melonis, 95.0, 81.56, 0.212	97.24	11	N/A	N/A
HN00251139_BMX25005	d__Bacteria;p__Bacillota;c__Bacilli;o__Bacillales_B;f__Bacillaceae_B;g__Rossellomorea;s__Rossellomorea aquimaris_D	GCF_008180865.1	95.0	d__Bacteria;p__Bacillota;c__Bacilli;o__Bacillales_B;f__Bacillaceae_B;g__Rossellomorea;s__Rossellomorea aquimaris_D	98.51	0.918	GCF_008180865.1	95.0	d__Bacteria;p__Bacillota;c__Bacilli;o__Bacillales_B;f__Bacillaceae_B;g__Rossellomorea;s__Rossellomorea aquimaris_D	98.51	0.918	d__Bacteria;p__Bacillota;c__Bacilli;o__Bacillales_B;f__Bacillaceae_B;g__Rossellomorea;s__	taxonomic classification defined by topology and ANI	topological placement and ANI have congruent species assignments	GCF_035590735.1, s__Rossellomorea aquimaris_G, 95.0, 93.35, 0.845; GCF_008364765.1, s__Rossellomorea sp008364765, 95.0, 93.09, 0.738; GCF_003315075.1, s__Rossellomorea aquimaris_C, 95.0, 92.05, 0.768; GCF_038049935.1, s__Rossellomorea sp947488365, 95.0, 90.92, 0.726; GCF_000935355.1, s__Rossellomorea aquimaris_B, 95.0, 89.44, 0.692; GCA_030388825.1, s__Rossellomorea sp012911895, 95.0, 83.77, 0.308; GCF_904424705.1, s__Rossellomorea arthrocnemi, 95.0, 83.65, 0.32; GCF_002563655.1, s__Rossellomorea sp002563655, 95.0, 83.38, 0.287; GCF_002561455.1, s__Rossellomorea sp002561455, 95.0, 83.32, 0.327; GCF_001305855.1, s__Rossellomorea vietnamensis_A, 95.0, 83.17, 0.29; GCF_037046045.1, s__Rossellomorea sp037046045, 95.0, 83.15, 0.31; GCF_025398035.1, s__Rossellomorea vietnamensis_B, 95.0, 83.07, 0.314; GCF_005938125.1, s__Rossellomorea sp005938125, 95.0, 83.01, 0.301; GCF_024733565.1, s__Rossellomorea sp024733565, 95.0, 82.93, 0.282; GCF_001591825.1, s__Rossellomorea vietnamensis, 95.0, 82.88, 0.289; GCF_019334305.1, s__Rossellomorea sp019334305, 95.0, 82.84, 0.283; GCF_017303375.1, s__Rossellomorea sp017303375, 95.0, 82.33, 0.255; GCF_020172085.1, s__Rossellomorea aquimaris_E, 95.0, 82.02, 0.261; GCF_011398925.1, s__Rossellomorea sp011398925, 95.0, 81.62, 0.178	91.24	11	N/A	N/A
HN00251139_BMX25007	d__Bacteria;p__Bacillota;c__Bacilli;o__Bacillales_D;f__Halobacillaceae;g__Halobacillus;s__Halobacillus aidingensis	GCF_900104185.1	95.0	d__Bacteria;p__Bacillota;c__Bacilli;o__Bacillales_D;f__Halobacillaceae;g__Halobacillus;s__Halobacillus aidingensis	98.54	0.9	GCF_900104185.1	95.0	d__Bacteria;p__Bacillota;c__Bacilli;o__Bacillales_D;f__Halobacillaceae;g__Halobacillus;s__Halobacillus aidingensis	98.54	0.9	d__Bacteria;p__Bacillota;c__Bacilli;o__Bacillales_D;f__Halobacillaceae;g__Halobacillus;s__	taxonomic classification defined by topology and ANI	topological placement and ANI have congruent species assignments	GCF_009856415.1, s__Halobacillus litoralis_C, 95.0, 90.79, 0.794; GCF_020524085.2, s__Halobacillus litoralis_E, 95.0, 89.6, 0.735; GCF_007991335.1, s__Halobacillus faecis, 95.0, 89.09, 0.712; GCF_019599545.1, s__Halobacillus sp019599545, 95.0, 88.91, 0.694; GCF_009856445.1, s__Halobacillus litoralis, 95.0, 88.1, 0.669	93.55	11	N/A	N/A
HN00251139_BTH25001	d__Bacteria;p__Bacillota;c__Bacilli;o__Lactobacillales;f__Enterococcaceae;g__Enterococcus_B;s__Enterococcus_B lactis	GCF_015751045.1	95.0	d__Bacteria;p__Bacillota;c__Bacilli;o__Lactobacillales;f__Enterococcaceae;g__Enterococcus_B;s__Enterococcus_B lactis	98.6	0.867	GCF_015751045.1	95.0	d__Bacteria;p__Bacillota;c__Bacilli;o__Lactobacillales;f__Enterococcaceae;g__Enterococcus_B;s__Enterococcus_B lactis	98.6	0.867	d__Bacteria;p__Bacillota;c__Bacilli;o__Lactobacillales;f__Enterococcaceae;g__Enterococcus_B;s__	taxonomic classification defined by topology and ANI	topological placement and ANI have congruent species assignments	GCF_029023785.1, s__Enterococcus_B faecium, 95.0, 94.51, 0.835; GCF_011038845.1, s__Enterococcus_B sp011038845, 95.0, 81.46, 0.184	96.78	11	N/A	N/A
HN00251139_BTH25041	d__Bacteria;p__Actinomycetota;c__Actinomycetes;o__Actinomycetales;f__Micrococcaceae;g__Kocuria;s__Kocuria sp025149945	GCF_025149945.1	95.0	d__Bacteria;p__Actinomycetota;c__Actinomycetes;o__Actinomycetales;f__Micrococcaceae;g__Kocuria;s__Kocuria sp025149945	96.81	0.875	GCF_025149945.1	95.0	d__Bacteria;p__Actinomycetota;c__Actinomycetes;o__Actinomycetales;f__Micrococcaceae;g__Kocuria;s__Kocuria sp025149945	96.81	0.875	d__Bacteria;p__Actinomycetota;c__Actinomycetes;o__Actinomycetales;f__Micrococcaceae;g__Kocuria;s__	taxonomic classification defined by topology and ANI	topological placement and ANI have congruent species assignments	GCF_016907795.1, s__Kocuria palustris, 95.0, 92.43, 0.786; GCF_007666205.1, s__Kocuria palustris_A, 95.0, 86.02, 0.466	98.89	11	N/A	N/A
HN00251139_KCUT25010	d__Bacteria;p__Bacillota;c__Bacilli;o__Bacillales_D;f__Amphibacillaceae;g__Virgibacillus;s__Virgibacillus sp041871525	GCA_041871525.1	95.0	d__Bacteria;p__Bacillota;c__Bacilli;o__Bacillales_D;f__Amphibacillaceae;g__Virgibacillus;s__Virgibacillus sp041871525	98.61	0.853	GCA_041871525.1	95.0	d__Bacteria;p__Bacillota;c__Bacilli;o__Bacillales_D;f__Amphibacillaceae;g__Virgibacillus;s__Virgibacillus sp041871525	98.61	0.853	d__Bacteria;p__Bacillota;c__Bacilli;o__Bacillales_D;f__Amphibacillaceae;g__Virgibacillus;s__	taxonomic classification defined by topology and ANI	topological placement and ANI have congruent species assignments	GCF_021560035.1, s__Virgibacillus sp021560035, 95.0, 88.13, 0.536; GCF_019837165.1, s__Virgibacillus sp019837165, 95.0, 83.12, 0.304	95.0	11	N/A	N/A
HN00251139_KJS25013	d__Bacteria;p__Pseudomonadota;c__Gammaproteobacteria;o__Pseudomonadales;f__Moraxellaceae;g__Psychrobacter;s__Psychrobacter submarinus	GCF_904846685.1	95.0	d__Bacteria;p__Pseudomonadota;c__Gammaproteobacteria;o__Pseudomonadales;f__Moraxellaceae;g__Psychrobacter;s__Psychrobacter submarinus	97.31	0.868	GCF_904846685.1	95.0	d__Bacteria;p__Pseudomonadota;c__Gammaproteobacteria;o__Pseudomonadales;f__Moraxellaceae;g__Psychrobacter;s__Psychrobacter submarinus	97.31	0.868	d__Bacteria;p__Pseudomonadota;c__Gammaproteobacteria;o__Pseudomonadales;f__Moraxellaceae;g__Psychrobacter;s__	taxonomic classification defined by topology and ANI	topological placement and ANI have congruent species assignments	GCF_040371085.1, s__Psychrobacter sp029267175, 95.0, 80.92, 0.155	99.09	11	N/A	N/A
HN00251139_KJS25018	d__Bacteria;p__Pseudomonadota;c__Gammaproteobacteria;o__Pseudomonadales;f__Moraxellaceae;g__Psychrobacter;s__Psychrobacter submarinus	GCF_904846685.1	95.0	d__Bacteria;p__Pseudomonadota;c__Gammaproteobacteria;o__Pseudomonadales;f__Moraxellaceae;g__Psychrobacter;s__Psychrobacter submarinus	97.15	0.846	GCF_904846685.1	95.0	d__Bacteria;p__Pseudomonadota;c__Gammaproteobacteria;o__Pseudomonadales;f__Moraxellaceae;g__Psychrobacter;s__Psychrobacter submarinus	97.15	0.846	d__Bacteria;p__Pseudomonadota;c__Gammaproteobacteria;o__Pseudomonadales;f__Moraxellaceae;g__Psychrobacter;s__	taxonomic classification defined by topology and ANI	topological placement and ANI have congruent species assignments	GCF_040371085.1, s__Psychrobacter sp029267175, 95.0, 80.58, 0.158	99.07	11	N/A	N/A
HN00251139_KJS25024	d__Bacteria;p__Pseudomonadota;c__Gammaproteobacteria;o__Pseudomonadales;f__Halomonadaceae;g__Halomonas;s__Halomonas sp947490095	GCF_947490095.1	95.0	d__Bacteria;p__Pseudomonadota;c__Gammaproteobacteria;o__Pseudomonadales;f__Halomonadaceae;g__Halomonas;s__Halomonas sp947490095	98.22	0.817	GCF_947490095.1	95.0	d__Bacteria;p__Pseudomonadota;c__Gammaproteobacteria;o__Pseudomonadales;f__Halomonadaceae;g__Halomonas;s__Halomonas sp947490095	98.22	0.817	d__Bacteria;p__Pseudomonadota;c__Gammaproteobacteria;o__Pseudomonadales;f__Halomonadaceae;g__Halomonas;s__	taxonomic classification defined by topology and ANI	topological placement and ANI have congruent species assignments	GCF_000620045.1, s__Halomonas halodenitrificans, 95.0, 94.84, 0.782; GCF_015595025.1, s__Halomonas sp015595025, 95.0, 86.7, 0.529; GCF_947501415.1, s__Halomonas sp947501415, 95.0, 86.36, 0.521; GCF_009901955.1, s__Halomonas icarae, 95.0, 85.96, 0.512; GCA_018401555.1, s__Halomonas sp018401555, 95.0, 85.88, 0.455; GCF_040147005.1, s__Halomonas sp040147005, 95.0, 85.87, 0.457; GCF_009902005.1, s__Halomonas alimentaria, 95.0, 85.76, 0.485; GCF_030708455.1, s__Halomonas sp030708455, 95.0, 85.43, 0.462; GCF_900104135.1, s__Halomonas shengliensis, 95.0, 84.52, 0.42; GCA_033720795.1, s__Halomonas sp033720795, 95.0, 83.95, 0.157; GCA_003560175.1, s__Halomonas sp003560175, 95.0, 83.39, 0.173; GCA_003552795.1, s__Halomonas sp003552795, 95.0, 83.35, 0.231; GCF_031451685.1, s__Halomonas mongoliensis, 95.0, 82.89, 0.29; GCF_003553625.1, s__Halomonas sp003553625, 95.0, 82.81, 0.211; GCF_030704205.1, s__Halomonas alkalicola, 95.0, 82.68, 0.287; GCF_014859505.1, s__Halomonas sp014859505, 95.0, 82.65, 0.248; GCF_003056305.1, s__Halomonas denitrificans, 95.0, 82.62, 0.258; GCF_030409215.1, s__Halomonas ramblicola, 95.0, 82.42, 0.29; GCF_033549285.1, s__Halomonas sp033549285, 95.0, 82.4, 0.261; GCF_031581305.1, s__Halomonas sp031581305, 95.0, 82.23, 0.193; GCF_009363755.1, s__Halomonas sp009363755, 95.0, 82.18, 0.259; GCF_004363555.1, s__Halomonas ventosae, 95.0, 82.14, 0.278; GCF_014193375.1, s__Halomonas campaniensis, 95.0, 82.02, 0.284; GCF_023554995.1, s__Halomonas gemina, 95.0, 81.9, 0.26; GCF_001886615.1, s__Halomonas aestuarii, 95.0, 81.86, 0.237; GCF_900116405.1, s__Halomonas saccharevitans, 95.0, 81.79, 0.219; GCF_030012485.1, s__Halomonas rhizosphaerae, 95.0, 81.76, 0.26; GCF_040196315.1, s__Halomonas sp040196315, 95.0, 81.46, 0.236; GCF_005780185.1, s__Halomonas urmiana, 95.0, 81.4, 0.227; GCF_029889845.1, s__Halomonas sp029889845, 95.0, 81.38, 0.241; GCF_030406665.1, s__Halomonas halophila, 95.0, 81.32, 0.182; GCF_022487945.1, s__Halomonas flagellata, 95.0, 81.25, 0.216; GCF_025725685.1, s__Halomonas sp025725685, 95.0, 80.98, 0.201; GCF_031451675.1, s__Halomonas koreensis, 95.0, 80.92, 0.219; GCF_030409305.1, s__Halomonas maura, 95.0, 80.81, 0.19; GCF_000265245.1, s__Halomonas smyrnensis, 95.0, 80.81, 0.18; GCF_002879645.1, s__Halomonas heilongjiangensis, 95.0, 80.79, 0.21; GCF_014192285.1, s__Halomonas fontilapidosi, 95.0, 80.78, 0.212; GCF_034520545.1, s__Halomonas sp034520545, 95.0, 80.72, 0.182; GCF_014192275.1, s__Halomonas stenophila, 95.0, 80.61, 0.183; GCF_023094245.1, s__Halomonas getboli, 95.0, 80.58, 0.173; GCF_902500215.1, s__Halomonas lysinitropha, 95.0, 80.46, 0.19; GCF_039522625.1, s__Halomonas beimenensis, 95.0, 80.4, 0.173; GCF_004798905.1, s__Halomonas borealis, 95.0, 80.38, 0.162; GCF_003966155.1, s__Halomonas nitroreducens, 95.0, 80.37, 0.186; GCF_900109725.1, s__Halomonas daqiaonensis, 95.0, 80.31, 0.178; GCF_040196335.1, s__Halomonas sp040196335, 95.0, 80.29, 0.172; GCF_004361885.1, s__Halomonas ventosae_C, 95.0, 80.23, 0.15; GCF_014192215.1, s__Halomonas cerina, 95.0, 80.22, 0.174; GCF_014192055.1, s__Halomonas organivorans, 95.0, 79.99, 0.169	98.81	11	N/A	N/A
HN00251139_KJS25025	d__Bacteria;p__Actinomycetota;c__Actinomycetes;o__Actinomycetales;f__Micrococcaceae;g__Nesterenkonia;s__Nesterenkonia koreensis	GCF_014195445.1	95.0	d__Bacteria;p__Actinomycetota;c__Actinomycetes;o__Actinomycetales;f__Micrococcaceae;g__Nesterenkonia;s__Nesterenkonia koreensis	97.63	0.845	GCF_014195445.1	95.0	d__Bacteria;p__Actinomycetota;c__Actinomycetes;o__Actinomycetales;f__Micrococcaceae;g__Nesterenkonia;s__Nesterenkonia koreensis	97.63	0.845	d__Bacteria;p__Actinomycetota;c__Actinomycetes;o__Actinomycetales;f__Micrococcaceae;g__Nesterenkonia;s__	taxonomic classification defined by topology and ANI	topological placement and ANI have congruent species assignments	N/A	97.1	11	N/A	N/A
HN00251139_KYF25002	d__Bacteria;p__Actinomycetota;c__Actinomycetes;o__Actinomycetales;f__Dermatophilaceae;g__Kytococcus;s__Kytococcus sedentarius	GCF_000023925.1	95.0	d__Bacteria;p__Actinomycetota;c__Actinomycetes;o__Actinomycetales;f__Dermatophilaceae;g__Kytococcus;s__Kytococcus sedentarius	96.93	0.836	GCF_000023925.1	95.0	d__Bacteria;p__Actinomycetota;c__Actinomycetes;o__Actinomycetales;f__Dermatophilaceae;g__Kytococcus;s__Kytococcus sedentarius	96.93	0.836	d__Bacteria;p__Actinomycetota;c__Actinomycetes;o__Actinomycetales;f__Dermatophilaceae;g__Kytococcus;s__	taxonomic classification defined by topology and ANI	topological placement and ANI have congruent species assignments	GCF_002847825.1, s__Kytococcus schroeteri, 95.0, 84.06, 0.333; GCF_900187395.1, s__Kytococcus aerolatus, 95.0, 82.39, 0.235	97.18	11	N/A	N/A
HN00252244_BMX25010	d__Bacteria;p__Bacillota;c__Bacilli;o__Lactobacillales;f__Enterococcaceae;g__Tetragenococcus;s__Tetragenococcus muriaticus	GCF_000423785.1	95.0	d__Bacteria;p__Bacillota;c__Bacilli;o__Lactobacillales;f__Enterococcaceae;g__Tetragenococcus;s__Tetragenococcus muriaticus	99.06	0.904	GCF_000423785.1	95.0	d__Bacteria;p__Bacillota;c__Bacilli;o__Lactobacillales;f__Enterococcaceae;g__Tetragenococcus;s__Tetragenococcus muriaticus	99.06	0.904	d__Bacteria;p__Bacillota;c__Bacilli;o__Lactobacillales;f__Enterococcaceae;g__Tetragenococcus;s__	taxonomic classification defined by topology and ANI	topological placement and ANI have congruent species assignments	GCF_003795125.1, s__Tetragenococcus osmophilus, 95.0, 91.6, 0.678; GCF_003841405.1, s__Tetragenococcus halophilus, 95.0, 82.88, 0.195; GCF_003795145.1, s__Tetragenococcus koreensis, 95.0, 80.84, 0.168	96.17	11	N/A	N/A
HN00280011_AMT-60913	d__Bacteria;p__Bacillota;c__Bacilli;o__Lactobacillales;f__Lactobacillaceae;g__Lactiplantibacillus;s__Lactiplantibacillus plantarum	GCF_014131735.1	95.0	d__Bacteria;p__Bacillota;c__Bacilli;o__Lactobacillales;f__Lactobacillaceae;g__Lactiplantibacillus;s__Lactiplantibacillus plantarum	98.7	0.916	GCF_014131735.1	95.0	d__Bacteria;p__Bacillota;c__Bacilli;o__Lactobacillales;f__Lactobacillaceae;g__Lactiplantibacillus;s__Lactiplantibacillus plantarum	98.7	0.916	d__Bacteria;p__Bacillota;c__Bacilli;o__Lactobacillales;f__Lactobacillaceae;g__Lactiplantibacillus;s__	taxonomic classification defined by topology and ANI	topological placement and ANI have congruent species assignments	GCF_032681335.1, s__Lactiplantibacillus sp032681335, 95.0, 90.72, 0.633; GCF_003641145.1, s__Lactiplantibacillus paraplantarum, 95.0, 88.57, 0.533; GCF_003641185.1, s__Lactiplantibacillus pentosus, 95.0, 83.05, 0.222; GCA_000463075.2, s__Lactiplantibacillus plantarum_A, 95.0, 82.29, 0.202	93.29	11	N/A	N/A
HN00280011_AMT-62814-2	d__Bacteria;p__Bacillota;c__Bacilli;o__Lactobacillales;f__Lactobacillaceae;g__Weissella;s__Weissella paramesenteroides	GCF_000160575.1	95.0	d__Bacteria;p__Bacillota;c__Bacilli;o__Lactobacillales;f__Lactobacillaceae;g__Weissella;s__Weissella paramesenteroides	98.3	0.834	GCF_000160575.1	95.0	d__Bacteria;p__Bacillota;c__Bacilli;o__Lactobacillales;f__Lactobacillaceae;g__Weissella;s__Weissella paramesenteroides	98.3	0.834	d__Bacteria;p__Bacillota;c__Bacilli;o__Lactobacillales;f__Lactobacillaceae;g__Weissella;s__	taxonomic classification defined by topology and ANI	topological placement and ANI have congruent species assignments	GCF_005405465.1, s__Weissella thailandensis, 95.0, 84.59, 0.437; GCF_024718545.1, s__Weissella fangxianensis, 95.0, 84.48, 0.41; GCF_005405285.1, s__Weissella sagaensis, 95.0, 81.43, 0.18; GCF_005405545.1, s__Weissella hellenica, 95.0, 80.74, 0.161; GCF_900094835.1, s__Weissella bombi, 95.0, 80.42, 0.155	94.66	11	N/A	N/A
HN00280011_AMT-74420	d__Bacteria;p__Bacillota;c__Bacilli;o__Lactobacillales;f__Lactobacillaceae;g__Lactiplantibacillus;s__Lactiplantibacillus plantarum	GCF_014131735.1	95.0	d__Bacteria;p__Bacillota;c__Bacilli;o__Lactobacillales;f__Lactobacillaceae;g__Lactiplantibacillus;s__Lactiplantibacillus plantarum	99.02	0.907	GCF_014131735.1	95.0	d__Bacteria;p__Bacillota;c__Bacilli;o__Lactobacillales;f__Lactobacillaceae;g__Lactiplantibacillus;s__Lactiplantibacillus plantarum	99.02	0.907	d__Bacteria;p__Bacillota;c__Bacilli;o__Lactobacillales;f__Lactobacillaceae;g__Lactiplantibacillus;s__	taxonomic classification defined by topology and ANI	topological placement and ANI have congruent species assignments	GCF_032681335.1, s__Lactiplantibacillus sp032681335, 95.0, 90.57, 0.619; GCF_003641145.1, s__Lactiplantibacillus paraplantarum, 95.0, 88.34, 0.534; GCF_003641185.1, s__Lactiplantibacillus pentosus, 95.0, 82.79, 0.213; GCA_000463075.2, s__Lactiplantibacillus plantarum_A, 95.0, 82.55, 0.204	93.29	11	N/A	N/A
HN00280011_AMT-913617	d__Bacteria;p__Bacillota;c__Bacilli;o__Lactobacillales;f__Lactobacillaceae;g__Weissella;s__Weissella thailandensis	GCF_005405465.1	95.0	d__Bacteria;p__Bacillota;c__Bacilli;o__Lactobacillales;f__Lactobacillaceae;g__Weissella;s__Weissella thailandensis	98.17	0.881	GCF_005405465.1	95.0	d__Bacteria;p__Bacillota;c__Bacilli;o__Lactobacillales;f__Lactobacillaceae;g__Weissella;s__Weissella thailandensis	98.17	0.881	d__Bacteria;p__Bacillota;c__Bacilli;o__Lactobacillales;f__Lactobacillaceae;g__Weissella;s__	taxonomic classification defined by topology and ANI	topological placement and ANI have congruent species assignments	GCF_024718545.1, s__Weissella fangxianensis, 95.0, 93.9, 0.798; GCF_000160575.1, s__Weissella paramesenteroides, 95.0, 84.25, 0.392; GCF_005405545.1, s__Weissella hellenica, 95.0, 80.81, 0.165; GCF_005405285.1, s__Weissella sagaensis, 95.0, 80.49, 0.168	93.82	11	N/A	N/A
HN00280011_BEG25026	d__Bacteria;p__Bacillota;c__Bacilli;o__Lactobacillales;f__Enterococcaceae;g__Tetragenococcus;s__Tetragenococcus halophilus	GCF_003841405.1	95.0	d__Bacteria;p__Bacillota;c__Bacilli;o__Lactobacillales;f__Enterococcaceae;g__Tetragenococcus;s__Tetragenococcus halophilus	97.3	0.828	GCF_003841405.1	95.0	d__Bacteria;p__Bacillota;c__Bacilli;o__Lactobacillales;f__Enterococcaceae;g__Tetragenococcus;s__Tetragenococcus halophilus	97.3	0.828	d__Bacteria;p__Bacillota;c__Bacilli;o__Lactobacillales;f__Enterococcaceae;g__Tetragenococcus;s__	taxonomic classification defined by topology and ANI	topological placement and ANI have congruent species assignments	GCF_021474685.1, s__Tetragenococcus halophilus_B, 95.0, 93.27, 0.767; GCF_030161475.1, s__Tetragenococcus halophilus_C, 95.0, 92.02, 0.69; GCA_030462125.1, s__Tetragenococcus sp030462125, 95.0, 83.83, 0.17; GCF_003795125.1, s__Tetragenococcus osmophilus, 95.0, 82.49, 0.193; GCF_001544195.1, s__Tetragenococcus solitarius, 95.0, 81.59, 0.206; GCF_003795145.1, s__Tetragenococcus koreensis, 95.0, 80.95, 0.18	97.62	11	N/A	N/A
HN00280011_BGIL25058	d__Bacteria;p__Bacillota;c__Bacilli;o__Paenibacillales;f__Paenibacillaceae;g__Paenibacillus;s__Paenibacillus xylanexedens_C	GCF_007676705.1	95.0	d__Bacteria;p__Bacillota;c__Bacilli;o__Paenibacillales;f__Paenibacillaceae;g__Paenibacillus;s__Paenibacillus xylanexedens_C	96.88	0.871	GCF_007676705.1	95.0	d__Bacteria;p__Bacillota;c__Bacilli;o__Paenibacillales;f__Paenibacillaceae;g__Paenibacillus;s__Paenibacillus xylanexedens_C	96.88	0.871	d__Bacteria;p__Bacillota;c__Bacilli;o__Paenibacillales;f__Paenibacillaceae;g__Paenibacillus;s__	taxonomic classification defined by topology and ANI	topological placement and ANI have congruent species assignments	GCF_037974265.1, s__Paenibacillus sp037974265, 95.55, 92.37, 0.772; GCF_030815985.1, s__Paenibacillus sp030815985, 95.6, 92.35, 0.768; GCF_037971845.1, s__Paenibacillus sp001955855, 95.66, 92.13, 0.753; GCA_022836915.1, s__Paenibacillus sp900101225, 95.0, 91.83, 0.766; GCF_037991315.1, s__Paenibacillus sp012912005, 95.0, 91.65, 0.742; GCF_001908275.1, s__Paenibacillus xylanexedens_A, 95.18, 91.65, 0.727; GCF_008386395.1, s__Paenibacillus amylolyticus_B, 95.0, 91.6, 0.747; GCF_037975235.1, s__Paenibacillus amylolyticus_A, 95.0, 91.54, 0.76; GCF_017874615.1, s__Paenibacillus xylanexedens, 96.19, 91.54, 0.717; GCF_004001025.1, s__Paenibacillus amylolyticus, 96.35, 91.45, 0.73; GCF_018614975.1, s__Paenibacillus polymyxa_E, 95.0, 91.31, 0.707; GCF_000316035.1, s__Paenibacillus sp000316035, 95.0, 91.3, 0.712; GCF_026013365.1, s__Paenibacillus sp026013365, 95.0, 91.03, 0.716; GCF_032452295.1, s__Paenibacillus sp032452295, 95.0, 90.79, 0.702; GCF_024159265.1, s__Paenibacillus sp024159265, 95.0, 90.58, 0.706; GCA_038005685.1, s__Paenibacillus sp038005685, 95.0, 90.33, 0.74; GCF_037974355.1, s__Paenibacillus sp037974355, 95.0, 90.02, 0.686; GCF_029689945.1, s__Paenibacillus amylolyticus_E, 95.0, 89.69, 0.665; GCF_002968835.1, s__Paenibacillus sp002968835, 95.0, 87.79, 0.555; GCF_014844075.1, s__Paenibacillus sp014844075, 95.0, 83.83, 0.324; GCF_001514495.1, s__Paenibacillus pabuli, 95.0, 83.71, 0.335; GCF_013401555.1, s__Paenibacillus sp900110055, 95.0, 83.67, 0.325; GCF_028771845.1, s__Paenibacillus marchantiae, 95.02, 83.54, 0.303; GCF_023101145.1, s__Paenibacillus pabuli_B, 95.0, 83.42, 0.303; GCF_032399705.1, s__Paenibacillus taichungensis_A, 95.0, 83.29, 0.298; GCF_001280595.1, s__Paenibacillus xylanivorans, 95.0, 83.07, 0.302; GCF_013359905.1, s__Paenibacillus taichungensis, 95.0, 83.01, 0.299; GCF_013359935.1, s__Paenibacillus xylanilyticus, 95.0, 82.98, 0.256; GCF_030433635.1, s__Paenibacillus vandeheii, 95.0, 82.76, 0.299; GCF_039831995.1, s__Paenibacillus pabuli_C, 95.0, 82.62, 0.245; GCF_009664365.1, s__Paenibacillus xylanilyticus_A, 95.0, 82.43, 0.242; GCF_004000925.1, s__Paenibacillus illinoisensis, 95.12, 82.24, 0.239; GCF_003268635.1, s__Paenibacillus sp003268635, 95.0, 82.01, 0.171; GCF_022346995.1, s__Paenibacillus sp022346995, 95.0, 81.92, 0.231; GCF_003224455.1, s__Paenibacillus illinoisensis_A, 95.0, 81.9, 0.23; GCF_036884255.1, s__Paenibacillus sp001426865, 95.0, 81.85, 0.169; GCF_040702995.1, s__Paenibacillus sp040702995, 95.0, 81.71, 0.166; GCF_022346845.1, s__Paenibacillus sp022346845, 95.0, 81.45, 0.162; GCF_030812775.1, s__Paenibacillus tundrae_A, 95.0, 81.35, 0.169; GCF_900102085.1, s__Paenibacillus polysaccharolyticus, 95.11, 81.3, 0.165; GCF_003217495.1, s__Paenibacillus barcinonensis, 95.0, 81.2, 0.158; GCF_003719335.1, s__Paenibacillus amylolyticus_D, 95.0, 81.16, 0.161; GCF_023714295.1, s__Paenibacillus polysaccharolyticus_A, 95.0, 81.08, 0.165; GCF_014639235.1, s__Paenibacillus silvae, 95.0, 81.04, 0.154; GCF_007680605.1, s__Paenibacillus xylanexedens_B, 95.0, 80.77, 0.165; GCF_948329825.1, s__Paenibacillus sp017512705, 95.0, 80.75, 0.163	93.35	11	N/A	N/A
HN00280011_BSO25040	d__Bacteria;p__Bacillota;c__Bacilli;o__Bacillales_D;f__Amphibacillaceae;g__Oceanobacillus;s__Oceanobacillus sojae	GCF_007991515.1	95.0	d__Bacteria;p__Bacillota;c__Bacilli;o__Bacillales_D;f__Amphibacillaceae;g__Oceanobacillus;s__Oceanobacillus sojae	99.22	0.95	GCF_007991515.1	95.0	d__Bacteria;p__Bacillota;c__Bacilli;o__Bacillales_D;f__Amphibacillaceae;g__Oceanobacillus;s__Oceanobacillus sojae	99.22	0.95	d__Bacteria;p__Bacillota;c__Bacilli;o__Bacillales_D;f__Amphibacillaceae;g__Oceanobacillus;s__	taxonomic classification defined by topology and ANI	topological placement and ANI have congruent species assignments	GCF_900162665.1, s__Oceanobacillus sojae_A, 95.0, 91.22, 0.717; GCF_014645515.1, s__Oceanobacillus neutriphilus, 95.0, 90.02, 0.694; GCF_009389585.1, s__Oceanobacillus sp009389585, 95.0, 82.76, 0.273; GCF_039521805.1, s__Oceanobacillus oncorhynchi, 95.0, 81.25, 0.213; GCF_000750635.1, s__Oceanobacillus jeddahense, 95.0, 80.88, 0.199; GCF_018333215.1, s__Oceanobacillus sp018333215, 95.0, 80.64, 0.157	93.69	11	N/A	N/A
HN00280011_C3-36	d__Bacteria;p__Actinomycetota;c__Actinomycetes;o__Actinomycetales;f__Micrococcaceae;g__Kocuria;s__Kocuria atrinae_A	GCF_000286355.1	95.0	d__Bacteria;p__Actinomycetota;c__Actinomycetes;o__Actinomycetales;f__Micrococcaceae;g__Kocuria;s__Kocuria atrinae_A	99.88	0.963	GCF_000286355.1	95.0	d__Bacteria;p__Actinomycetota;c__Actinomycetes;o__Actinomycetales;f__Micrococcaceae;g__Kocuria;s__Kocuria atrinae_A	99.88	0.963	d__Bacteria;p__Actinomycetota;c__Actinomycetes;o__Actinomycetales;f__Micrococcaceae;g__Kocuria;s__	taxonomic classification defined by topology and ANI	topological placement and ANI have congruent species assignments	GCF_004136555.1, s__Kocuria carniphila, 95.0, 91.38, 0.761; GCA_023426375.1, s__Kocuria sp023426375, 95.0, 90.93, 0.781; GCF_039531425.1, s__Kocuria atrinae, 95.0, 90.16, 0.723; GCF_039544365.1, s__Kocuria gwangalliensis, 95.0, 86.93, 0.536; GCF_014698015.1, s__Kocuria sp014698015, 95.0, 85.79, 0.524	97.12	11	N/A	N/A
HN00280011_C4-50	d__Bacteria;p__Bacillota;c__Bacilli;o__Lactobacillales;f__Enterococcaceae;g__Enterococcus_B;s__Enterococcus_B villorum	GCF_007990225.1	95.0	d__Bacteria;p__Bacillota;c__Bacilli;o__Lactobacillales;f__Enterococcaceae;g__Enterococcus_B;s__Enterococcus_B villorum	99.26	0.892	GCF_007990225.1	95.0	d__Bacteria;p__Bacillota;c__Bacilli;o__Lactobacillales;f__Enterococcaceae;g__Enterococcus_B;s__Enterococcus_B villorum	99.26	0.892	d__Bacteria;p__Bacillota;c__Bacilli;o__Lactobacillales;f__Enterococcaceae;g__Enterococcus_B;s__	taxonomic classification defined by topology and ANI	topological placement and ANI have congruent species assignments	GCF_000271405.2, s__Enterococcus_B hirae, 95.0, 81.57, 0.213; GCA_015680865.1, s__Enterococcus_B lacertideformus, 95.0, 81.52, 0.259; GCF_001886195.1, s__Enterococcus_B ratti, 95.0, 80.68, 0.202	97.9	11	N/A	N/A
HN00280011_CHKJ1253001	d__Bacteria;p__Bacillota;c__Bacilli;o__Bacillales;f__Bacillaceae;g__Bacillus;s__Bacillus subtilis	GCF_000009045.1	95.0	d__Bacteria;p__Bacillota;c__Bacilli;o__Bacillales;f__Bacillaceae;g__Bacillus;s__Bacillus subtilis	98.97	0.967	GCF_000009045.1	95.0	d__Bacteria;p__Bacillota;c__Bacilli;o__Bacillales;f__Bacillaceae;g__Bacillus;s__Bacillus subtilis	98.97	0.967	d__Bacteria;p__Bacillota;c__Bacilli;o__Bacillales;f__Bacillaceae;g__Bacillus;s__	taxonomic classification defined by topology and ANI	topological placement and ANI have congruent species assignments	GCF_000738015.1, s__Bacillus stercoris, 95.0, 94.83, 0.904; GCF_000332645.1, s__Bacillus inaquosorum, 95.0, 92.45, 0.876; GCF_004124315.2, s__Bacillus cabrialesii, 95.0, 92.43, 0.885; GCF_031316495.1, s__Bacillus spizizenii, 95.0, 92.19, 0.861; GCF_011745685.2, s__Bacillus rugosus, 95.0, 92.18, 0.872; GCA_026790065.1, s__Bacillus sp026790065, 95.0, 92.07, 0.861; GCF_040784915.1, s__Bacillus subtilis_G, 95.0, 91.54, 0.84; GCF_031317525.1, s__Bacillus tequilensis, 95.0, 91.54, 0.812; GCF_004116955.1, s__Bacillus vallismortis, 95.0, 90.96, 0.781; GCA_020223575.2, s__Bacillus mexicanus, 95.0, 90.37, 0.777; GCF_001517105.1, s__Bacillus halotolerans, 95.0, 88.49, 0.753; GCF_031316635.1, s__Bacillus mojavensis, 95.47, 88.17, 0.751; GCF_001584335.1, s__Bacillus atrophaeus, 95.0, 81.65, 0.268; GCF_000196735.1, s__Bacillus amyloliquefaciens, 95.0, 81.15, 0.176; GCF_000262045.1, s__Bacillus siamensis, 95.0, 80.85, 0.189; GCF_018613535.1, s__Bacillus sp018613535, 95.0, 80.84, 0.207; GCF_001461825.1, s__Bacillus velezensis, 95.0, 80.69, 0.181; GCF_001584325.1, s__Bacillus nakamurai, 95.0, 80.56, 0.194	96.05	11	N/A	N/A
HN00280011_CHKJ153021-2	d__Bacteria;p__Bacillota;c__Bacilli;o__Bacillales;f__Bacillaceae;g__Bacillus;s__Bacillus paralicheniformis	GCF_001042485.2	95.0	d__Bacteria;p__Bacillota;c__Bacilli;o__Bacillales;f__Bacillaceae;g__Bacillus;s__Bacillus paralicheniformis	98.39	0.903	GCF_001042485.2	95.0	d__Bacteria;p__Bacillota;c__Bacilli;o__Bacillales;f__Bacillaceae;g__Bacillus;s__Bacillus paralicheniformis	98.39	0.903	d__Bacteria;p__Bacillota;c__Bacilli;o__Bacillales;f__Bacillaceae;g__Bacillus;s__	taxonomic classification defined by topology and ANI	topological placement and ANI have congruent species assignments	GCF_001969855.1, s__Bacillus haynesii, 95.2, 94.88, 0.888; GCF_000011645.1, s__Bacillus licheniformis, 95.0, 94.87, 0.918; GCF_001969815.1, s__Bacillus swezeyi, 95.0, 84.41, 0.447; GCF_029537375.1, s__Bacillus sonorensis_A, 95.0, 84.31, 0.43; GCF_001042475.2, s__Bacillus glycinifermentans, 95.0, 83.45, 0.331; GCF_001592005.1, s__Bacillus sonorensis, 95.0, 83.4, 0.37	96.94	11	N/A	N/A
HN00280011_F1016	d__Bacteria;p__Pseudomonadota;c__Gammaproteobacteria;o__Pseudomonadales;f__Moraxellaceae;g__Psychrobacter;s__	N/A	N/A	N/A	N/A	N/A	GCF_039680845.1	95.0	d__Bacteria;p__Pseudomonadota;c__Gammaproteobacteria;o__Pseudomonadales;f__Moraxellaceae;g__Psychrobacter;s__Psychrobacter sp039680845	83.44	0.345	d__Bacteria;p__Pseudomonadota;c__Gammaproteobacteria;o__Pseudomonadales;f__Moraxellaceae;g__Psychrobacter;s__	taxonomic classification defined by topology and ANI	classification based on placement in class-level tree	GCF_001606025.1, s__Psychrobacter alimentarius, 95.0, 83.51, 0.336; GCF_900163785.1, s__Psychrobacter sp900163785, 95.0, 82.07, 0.311; GCF_016107545.1, s__Psychrobacter namhaensis, 95.0, 81.79, 0.266; GCF_000471625.1, s__Psychrobacter aquaticus, 95.0, 81.7, 0.27; GCF_904846715.1, s__Psychrobacter vallis, 95.0, 81.56, 0.251; GCA_963925435.1, s__Psychrobacter sp963925435, 95.0, 81.54, 0.229; GCF_904846225.1, s__Psychrobacter immobilis_F, 95.0, 81.31, 0.253; GCF_904846075.1, s__Psychrobacter glacincola_C, 96.47, 80.7, 0.175; GCA_900016235.2, s__Psychrobacter cibarius_A, 96.19, 80.68, 0.193; GCF_016107525.1, s__Psychrobacter aquimaris, 95.0, 80.58, 0.196; GCF_904846615.1, s__Psychrobacter sp000586455, 96.59, 80.56, 0.185; GCF_041431175.1, s__Psychrobacter sp041431175, 95.0, 80.52, 0.155; GCA_030686115.1, s__Psychrobacter cibarius_C, 95.0, 80.51, 0.187; GCF_018448495.1, s__Psychrobacter sp018448495, 96.52, 80.51, 0.164; GCA_904846265.1, s__Psychrobacter immobilis_A, 96.47, 80.49, 0.188; GCF_001435295.1, s__Psychrobacter sp001435295, 96.47, 80.48, 0.184; GCF_039523275.1, s__Psychrobacter piscatorii, 95.0, 80.43, 0.164; GCF_014897815.1, s__Psychrobacter sp003530515, 96.28, 80.42, 0.178; GCF_016107535.1, s__Psychrobacter cibarius, 96.4, 80.31, 0.177; GCF_000586475.1, s__Psychrobacter sp000586475, 96.45, 80.28, 0.172; GCF_015864825.1, s__Psychrobacter sp015864825, 95.0, 80.26, 0.156; GCF_003217155.1, s__Psychrobacter fozii, 95.0, 80.24, 0.151; GCF_003148585.1, s__Psychrobacter immobilis, 96.48, 80.22, 0.185; GCF_904846185.1, s__Psychrobacter immobilis_B, 96.34, 80.21, 0.184; GCF_904846065.1, s__Psychrobacter immobilis_H, 96.25, 80.19, 0.183; GCF_904845955.1, s__Psychrobacter cibarius_B, 96.29, 80.15, 0.168; GCF_904846525.1, s__Psychrobacter sp904846525, 96.33, 80.07, 0.172; GCF_015234355.1, s__Psychrobacter sp015234355, 95.0, 79.74, 0.151	99.09	11	0.99511	N/A
HN00280011_F1169-1	d__Bacteria;p__Bacillota;c__Bacilli;o__Paenibacillales;f__Paenibacillaceae;g__Paenibacillus;s__Paenibacillus sp001955535	GCF_001955535.1	95.0	d__Bacteria;p__Bacillota;c__Bacilli;o__Paenibacillales;f__Paenibacillaceae;g__Paenibacillus;s__Paenibacillus sp001955535	98.49	0.869	GCF_001955535.1	95.0	d__Bacteria;p__Bacillota;c__Bacilli;o__Paenibacillales;f__Paenibacillaceae;g__Paenibacillus;s__Paenibacillus sp001955535	98.49	0.869	d__Bacteria;p__Bacillota;c__Bacilli;o__Paenibacillales;f__Paenibacillaceae;g__Paenibacillus;s__	taxonomic classification defined by topology and ANI	topological placement and ANI have congruent species assignments	GCF_028747985.1, s__Paenibacillus urinalis, 95.0, 94.06, 0.812; GCF_900116105.1, s__Paenibacillus sp900116105, 95.0, 89.66, 0.734; GCA_023715865.1, s__Paenibacillus sp023715865, 95.0, 81.04, 0.16	87.65	11	N/A	Genome has more than 11.7% of markers with multiple hits
HN00280011_F2153	d__Bacteria;p__Bacillota;c__Bacilli;o__Bacillales;f__Bacillaceae;g__Bacillus;s__Bacillus velezensis	GCF_001461825.1	95.0	d__Bacteria;p__Bacillota;c__Bacilli;o__Bacillales;f__Bacillaceae;g__Bacillus;s__Bacillus velezensis	98.65	0.922	GCF_001461825.1	95.0	d__Bacteria;p__Bacillota;c__Bacilli;o__Bacillales;f__Bacillaceae;g__Bacillus;s__Bacillus velezensis	98.65	0.922	d__Bacteria;p__Bacillota;c__Bacilli;o__Bacillales;f__Bacillaceae;g__Bacillus;s__	taxonomic classification defined by topology and ANI	topological placement and ANI have congruent species assignments	GCF_000262045.1, s__Bacillus siamensis, 95.0, 94.05, 0.876; GCF_000196735.1, s__Bacillus amyloliquefaciens, 95.0, 93.93, 0.843; GCF_001584325.1, s__Bacillus nakamurai, 95.0, 87.79, 0.679; GCF_018613535.1, s__Bacillus sp018613535, 95.0, 87.54, 0.674; GCF_004124315.2, s__Bacillus cabrialesii, 95.0, 81.34, 0.197; GCF_000009045.1, s__Bacillus subtilis, 95.0, 81.27, 0.186; GCF_001517105.1, s__Bacillus halotolerans, 95.0, 80.99, 0.207; GCF_031317525.1, s__Bacillus tequilensis, 95.0, 80.89, 0.198; GCF_040784915.1, s__Bacillus subtilis_G, 95.0, 80.86, 0.177; GCF_000332645.1, s__Bacillus inaquosorum, 95.0, 80.77, 0.196; GCF_000738015.1, s__Bacillus stercoris, 95.0, 80.73, 0.178; GCF_004116955.1, s__Bacillus vallismortis, 95.0, 80.66, 0.185; GCF_011745685.2, s__Bacillus rugosus, 95.0, 80.6, 0.18; GCF_031316635.1, s__Bacillus mojavensis, 95.47, 80.59, 0.187; GCF_031316495.1, s__Bacillus spizizenii, 95.0, 80.55, 0.186; GCA_026790065.1, s__Bacillus sp026790065, 95.0, 80.43, 0.181; GCA_020223575.2, s__Bacillus mexicanus, 95.0, 80.21, 0.166; GCF_001584335.1, s__Bacillus atrophaeus, 95.0, 79.99, 0.169	96.11	11	N/A	N/A
HN00280011_GS00031	d__Bacteria;p__Bacillota;c__Bacilli;o__Lactobacillales;f__Lactobacillaceae;g__Levilactobacillus;s__Levilactobacillus brevis	GCF_001433855.1	95.0	d__Bacteria;p__Bacillota;c__Bacilli;o__Lactobacillales;f__Lactobacillaceae;g__Levilactobacillus;s__Levilactobacillus brevis	97.18	0.878	GCF_001433855.1	95.0	d__Bacteria;p__Bacillota;c__Bacilli;o__Lactobacillales;f__Lactobacillaceae;g__Levilactobacillus;s__Levilactobacillus brevis	97.18	0.878	d__Bacteria;p__Bacillota;c__Bacilli;o__Lactobacillales;f__Lactobacillaceae;g__Levilactobacillus;s__	taxonomic classification defined by topology and ANI	topological placement and ANI have congruent species assignments	N/A	95.79	11	N/A	N/A
HN00280011_KCUT25001	d__Bacteria;p__Bacillota;c__Bacilli;o__Bacillales_D;f__Amphibacillaceae;g__Virgibacillus;s__Virgibacillus dokdonensis	GCF_900166595.1	95.73	d__Bacteria;p__Bacillota;c__Bacilli;o__Bacillales_D;f__Amphibacillaceae;g__Virgibacillus;s__Virgibacillus dokdonensis	99.07	0.938	GCF_900166595.1	95.73	d__Bacteria;p__Bacillota;c__Bacilli;o__Bacillales_D;f__Amphibacillaceae;g__Virgibacillus;s__Virgibacillus dokdonensis	99.07	0.938	d__Bacteria;p__Bacillota;c__Bacilli;o__Bacillales_D;f__Amphibacillaceae;g__Virgibacillus;s__	taxonomic classification defined by topology and ANI	topological placement and ANI have congruent species assignments	GCF_900129865.1, s__Virgibacillus chiguensis, 95.0, 95.58, 0.84	93.71	11	N/A	N/A
HN00280011_KCUT25011	d__Bacteria;p__Bacillota;c__Bacilli;o__Bacillales_D;f__Amphibacillaceae;g__Virgibacillus;s__	N/A	N/A	N/A	N/A	N/A	N/A	N/A	N/A	N/A	N/A	d__Bacteria;p__Bacillota;c__Bacilli;o__Bacillales_D;f__Amphibacillaceae;g__Virgibacillus;s__	taxonomic classification fully defined by topology	classification based on placement in class-level tree	N/A	95.23	11	0.94444	N/A
HN00280011_KCUT25019	d__Bacteria;p__Bacillota;c__Bacilli;o__Bacillales;f__Bacillaceae;g__Bacillus;s__Bacillus sp002998085	GCF_038738535.1	95.0	d__Bacteria;p__Bacillota;c__Bacilli;o__Bacillales;f__Bacillaceae;g__Bacillus;s__Bacillus sp002998085	98.7	0.955	GCF_038738535.1	95.0	d__Bacteria;p__Bacillota;c__Bacilli;o__Bacillales;f__Bacillaceae;g__Bacillus;s__Bacillus sp002998085	98.7	0.955	d__Bacteria;p__Bacillota;c__Bacilli;o__Bacillales;f__Bacillaceae;g__Bacillus;s__	taxonomic classification defined by topology and ANI	topological placement and ANI have congruent species assignments	GCF_900186955.1, s__Bacillus pumilus, 95.45, 94.96, 0.872; GCF_009937765.1, s__Bacillus pumilus_O, 95.0, 94.19, 0.865; GCF_003431975.1, s__Bacillus pumilus_N, 95.0, 93.9, 0.853; GCF_000691165.1, s__Bacillus safensis, 95.0, 91.98, 0.858; GCF_024498355.1, s__Bacillus pumilus_P, 95.0, 91.91, 0.861; GCA_025809375.1, s__Bacillus zhangzhouensis_A, 95.0, 91.77, 0.842; GCF_001307105.1, s__Bacillus australimaris, 95.01, 91.65, 0.856; GCF_014764715.1, s__Bacillus sp014764715, 95.0, 91.57, 0.829; GCF_000715205.1, s__Bacillus zhangzhouensis, 95.0, 91.47, 0.845; GCA_030159235.1, s__Bacillus safensis_B, 95.0, 91.31, 0.82; GCF_002744245.1, s__Bacillus pumilus_M, 95.0, 90.53, 0.784; GCF_020524495.1, s__Bacillus stratosphericus_B, 95.0, 89.96, 0.707; GCF_000691145.1, s__Bacillus altitudinis, 95.0, 89.94, 0.795; GCF_000300535.1, s__Bacillus xiamenensis, 95.0, 89.89, 0.775; GCA_001938995.1, s__Bacillus pumilus_G, 95.0, 87.05, 0.647; GCF_040500475.1, s__Bacillus sp040500475, 95.0, 86.57, 0.573	96.07	11	N/A	N/A
HN00280011_KCUT25026	d__Bacteria;p__Bacillota;c__Bacilli;o__Bacillales_D;f__Amphibacillaceae;g__Oceanobacillus;s__Oceanobacillus iheyensis	GCF_000011245.1	95.0	d__Bacteria;p__Bacillota;c__Bacilli;o__Bacillales_D;f__Amphibacillaceae;g__Oceanobacillus;s__Oceanobacillus iheyensis	98.64	0.908	GCF_000011245.1	95.0	d__Bacteria;p__Bacillota;c__Bacilli;o__Bacillales_D;f__Amphibacillaceae;g__Oceanobacillus;s__Oceanobacillus iheyensis	98.64	0.908	d__Bacteria;p__Bacillota;c__Bacilli;o__Bacillales_D;f__Amphibacillaceae;g__Oceanobacillus;s__	taxonomic classification defined by topology and ANI	topological placement and ANI have congruent species assignments	GCF_000340475.1, s__Oceanobacillus kimchii, 95.0, 88.6, 0.644	94.52	11	N/A	N/A
HN00280011_KJS25004	d__Bacteria;p__Pseudomonadota;c__Gammaproteobacteria;o__Pseudomonadales;f__Halomonadaceae;g__Halomonas;s__Halomonas saccharevitans	GCF_900116405.1	95.0	d__Bacteria;p__Pseudomonadota;c__Gammaproteobacteria;o__Pseudomonadales;f__Halomonadaceae;g__Halomonas;s__Halomonas saccharevitans	95.64	0.835	GCF_900116405.1	95.0	d__Bacteria;p__Pseudomonadota;c__Gammaproteobacteria;o__Pseudomonadales;f__Halomonadaceae;g__Halomonas;s__Halomonas saccharevitans	95.64	0.835	d__Bacteria;p__Pseudomonadota;c__Gammaproteobacteria;o__Pseudomonadales;f__Halomonadaceae;g__Halomonas;s__	taxonomic classification defined by topology and ANI	topological placement and ANI have congruent species assignments	GCF_040196315.1, s__Halomonas sp040196315, 95.0, 93.74, 0.804; GCA_033720795.1, s__Halomonas sp033720795, 95.0, 91.88, 0.669; GCF_003056305.1, s__Halomonas denitrificans, 95.0, 91.83, 0.769; GCF_005780185.1, s__Halomonas urmiana, 95.0, 91.5, 0.712; GCF_009363755.1, s__Halomonas sp009363755, 95.0, 90.33, 0.664; GCF_001886615.1, s__Halomonas aestuarii, 95.0, 89.23, 0.632; GCF_040196335.1, s__Halomonas sp040196335, 95.0, 87.39, 0.551; GCF_033549285.1, s__Halomonas sp033549285, 95.0, 86.66, 0.504; GCF_023554995.1, s__Halomonas gemina, 95.0, 86.57, 0.502; GCF_004363555.1, s__Halomonas ventosae, 95.0, 86.49, 0.509; GCF_029889845.1, s__Halomonas sp029889845, 95.0, 86.2, 0.474; GCF_031581305.1, s__Halomonas sp031581305, 95.0, 86.18, 0.431; GCF_030012485.1, s__Halomonas rhizosphaerae, 95.0, 86.02, 0.51; GCF_900109725.1, s__Halomonas daqiaonensis, 95.0, 84.91, 0.384; GCF_014192285.1, s__Halomonas fontilapidosi, 95.0, 84.88, 0.453; GCF_900104135.1, s__Halomonas shengliensis, 95.0, 84.83, 0.383; GCF_025725685.1, s__Halomonas sp025725685, 95.0, 84.49, 0.334; GCF_014193375.1, s__Halomonas campaniensis, 95.0, 84.46, 0.351; GCF_034520545.1, s__Halomonas sp034520545, 95.0, 84.41, 0.364; GCF_004361885.1, s__Halomonas ventosae_C, 95.0, 84.4, 0.374; GCF_902500215.1, s__Halomonas lysinitropha, 95.0, 84.37, 0.38; GCA_018401555.1, s__Halomonas sp018401555, 95.0, 84.36, 0.341; GCF_000265245.1, s__Halomonas smyrnensis, 95.0, 84.35, 0.338; GCF_031451675.1, s__Halomonas koreensis, 95.0, 84.32, 0.353; GCF_030708455.1, s__Halomonas sp030708455, 95.0, 84.3, 0.371; GCA_003560175.1, s__Halomonas sp003560175, 95.0, 84.29, 0.238; GCF_040147005.1, s__Halomonas sp040147005, 95.0, 84.28, 0.283; GCA_003552795.1, s__Halomonas sp003552795, 95.0, 84.13, 0.282; GCF_030409305.1, s__Halomonas maura, 95.0, 84.12, 0.333; GCF_023094245.1, s__Halomonas getboli, 95.0, 84.12, 0.326; GCF_030406665.1, s__Halomonas halophila, 95.0, 84.06, 0.323; GCF_030704205.1, s__Halomonas alkalicola, 95.0, 84.02, 0.307; GCF_014859505.1, s__Halomonas sp014859505, 95.0, 83.89, 0.297; GCF_030409215.1, s__Halomonas ramblicola, 95.0, 83.87, 0.31; GCF_009902005.1, s__Halomonas alimentaria, 95.0, 83.75, 0.348; GCF_003553625.1, s__Halomonas sp003553625, 95.0, 83.71, 0.239; GCF_003966155.1, s__Halomonas nitroreducens, 95.0, 83.66, 0.34; GCF_014192275.1, s__Halomonas stenophila, 95.0, 83.66, 0.324; GCF_031451685.1, s__Halomonas mongoliensis, 95.0, 83.62, 0.302; GCF_022487945.1, s__Halomonas flagellata, 95.0, 83.57, 0.332; GCF_039522625.1, s__Halomonas beimenensis, 95.0, 83.55, 0.311; GCF_014192215.1, s__Halomonas cerina, 95.0, 83.44, 0.308; GCF_041689495.1, s__Halomonas sp041689495, 95.0, 83.33, 0.171; GCF_002879645.1, s__Halomonas heilongjiangensis, 95.0, 83.15, 0.32; GCF_004798905.1, s__Halomonas borealis, 95.0, 82.7, 0.276; GCF_014192055.1, s__Halomonas organivorans, 95.0, 82.48, 0.278; GCF_015595025.1, s__Halomonas sp015595025, 95.0, 82.16, 0.233; GCA_024636705.1, s__Halomonas sp024636705, 95.0, 82.1, 0.185; GCF_947490095.1, s__Halomonas sp947490095, 95.0, 82.08, 0.225; GCF_947501415.1, s__Halomonas sp947501415, 95.0, 82.05, 0.255; GCA_020201075.1, s__Halomonas sp020201075, 95.0, 82.0, 0.174; GCF_009901955.1, s__Halomonas icarae, 95.0, 81.97, 0.239; GCA_035581765.1, s__Halomonas sp035581765, 95.0, 81.63, 0.181; GCF_000196875.2, s__Halomonas elongata, 95.0, 81.51, 0.174; GCF_000620045.1, s__Halomonas halodenitrificans, 95.0, 81.17, 0.195; GCF_900116705.1, s__Halomonas korlensis, 95.0, 80.74, 0.178; GCF_031451635.1, s__Halomonas eurihalina, 95.0, 80.53, 0.165; GCF_029081005.1, s__Halomonas elongata_B, 95.0, 80.47, 0.162; GCF_001662305.1, s__Halomonas caseinilytica, 95.0, 80.3, 0.16; GCF_003028575.1, s__Halomonas urumqiensis, 95.0, 80.3, 0.155	96.74	11	N/A	N/A
HN00280011_KJS25048	d__Bacteria;p__Pseudomonadota;c__Gammaproteobacteria;o__Pseudomonadales;f__Moraxellaceae;g__Psychrobacter;s__Psychrobacter sp030408035	GCF_030408035.1	95.0	d__Bacteria;p__Pseudomonadota;c__Gammaproteobacteria;o__Pseudomonadales;f__Moraxellaceae;g__Psychrobacter;s__Psychrobacter sp030408035	96.15	0.794	GCF_030408035.1	95.0	d__Bacteria;p__Pseudomonadota;c__Gammaproteobacteria;o__Pseudomonadales;f__Moraxellaceae;g__Psychrobacter;s__Psychrobacter sp030408035	96.15	0.794	d__Bacteria;p__Pseudomonadota;c__Gammaproteobacteria;o__Pseudomonadales;f__Moraxellaceae;g__Psychrobacter;s__	taxonomic classification defined by topology and ANI	topological placement and ANI have congruent species assignments	GCF_904846295.1, s__Psychrobacter maritimus, 95.0, 83.61, 0.27; GCF_001593285.1, s__Psychrobacter sp001593285, 95.0, 83.34, 0.216; GCF_904846405.1, s__Psychrobacter okhotskensis, 95.0, 82.89, 0.207; GCF_014192115.1, s__Psychrobacter luti, 95.0, 82.71, 0.251; GCF_904846155.1, s__Psychrobacter fulvigenes, 95.0, 82.53, 0.167; GCA_904846265.1, s__Psychrobacter immobilis_A, 96.47, 82.22, 0.209; GCF_904846185.1, s__Psychrobacter immobilis_B, 96.34, 82.03, 0.216; GCF_016107575.1, s__Psychrobacter faecalis, 95.0, 81.9, 0.158; GCF_904846615.1, s__Psychrobacter sp000586455, 96.59, 81.87, 0.218; GCF_016107535.1, s__Psychrobacter cibarius, 96.4, 81.86, 0.213; GCF_904846075.1, s__Psychrobacter glacincola_C, 96.47, 81.76, 0.224; GCF_018448495.1, s__Psychrobacter sp018448495, 96.52, 81.75, 0.196; GCF_904845955.1, s__Psychrobacter cibarius_B, 96.29, 81.74, 0.196; GCF_002377905.1, s__Psychrobacter sp002377905, 95.0, 81.74, 0.183; GCF_001435295.1, s__Psychrobacter sp001435295, 96.47, 81.69, 0.213; GCF_003148585.1, s__Psychrobacter immobilis, 96.48, 81.67, 0.211; GCF_000586475.1, s__Psychrobacter sp000586475, 96.45, 81.66, 0.198; GCF_904846285.1, s__Psychrobacter immobilis_D, 95.0, 81.64, 0.2; GCA_030686115.1, s__Psychrobacter cibarius_C, 95.0, 81.58, 0.203; GCF_904846175.1, s__Psychrobacter immobilis_E, 95.0, 81.54, 0.188; GCF_904846065.1, s__Psychrobacter immobilis_H, 96.25, 81.42, 0.209; GCA_900016235.2, s__Psychrobacter cibarius_A, 96.19, 81.4, 0.213; GCA_963925435.1, s__Psychrobacter sp963925435, 95.0, 81.36, 0.18; GCF_014897815.1, s__Psychrobacter sp003530515, 96.28, 81.32, 0.196; GCF_016107525.1, s__Psychrobacter aquimaris, 95.0, 81.32, 0.191; GCF_008369115.1, s__Psychrobacter sp008369115, 95.0, 81.23, 0.19; GCF_036731945.1, s__Psychrobacter sp036731945, 95.0, 81.13, 0.159; GCF_904846525.1, s__Psychrobacter sp904846525, 96.33, 81.08, 0.197; GCF_963515535.1, s__Psychrobacter sp963515535, 95.0, 81.07, 0.158; GCF_016107555.1, s__Psychrobacter celer, 95.0, 80.71, 0.168; GCF_002414005.1, s__Psychrobacter sp002414005, 95.0, 80.51, 0.155	99.09	11	N/A	N/A
HN00280011_KK200214	d__Bacteria;p__Bacillota;c__Bacilli;o__Lactobacillales;f__Lactobacillaceae;g__Leuconostoc_B;s__Leuconostoc_B fallax	GCF_000165675.1	95.0	d__Bacteria;p__Bacillota;c__Bacilli;o__Lactobacillales;f__Lactobacillaceae;g__Leuconostoc_B;s__Leuconostoc_B fallax	98.58	0.912	GCF_000165675.1	95.0	d__Bacteria;p__Bacillota;c__Bacilli;o__Lactobacillales;f__Lactobacillaceae;g__Leuconostoc_B;s__Leuconostoc_B fallax	98.58	0.912	d__Bacteria;p__Bacillota;c__Bacilli;o__Lactobacillales;f__Lactobacillaceae;g__;s__	taxonomic classification defined by topology and ANI	topological placement and ANI have congruent species assignments	N/A	94.66	11	N/A	N/A
HN00280011_KYF25005	d__Bacteria;p__Pseudomonadota;c__Gammaproteobacteria;o__Pseudomonadales;f__Moraxellaceae;g__Psychrobacter;s__	N/A	N/A	N/A	N/A	N/A	GCF_001593285.1	95.0	d__Bacteria;p__Pseudomonadota;c__Gammaproteobacteria;o__Pseudomonadales;f__Moraxellaceae;g__Psychrobacter;s__Psychrobacter sp001593285	91.54	0.766	d__Bacteria;p__Pseudomonadota;c__Gammaproteobacteria;o__Pseudomonadales;f__Moraxellaceae;g__Psychrobacter;s__	taxonomic classification defined by topology and ANI	classification based on placement in class-level tree	GCF_030408035.1, s__Psychrobacter sp030408035, 95.0, 85.04, 0.245; GCF_001921745.1, s__Psychrobacter sp001921745, 95.0, 84.68, 0.377; GCF_039615135.1, s__Psychrobacter sp947488565, 95.0, 83.42, 0.34; GCF_947495825.1, s__Psychrobacter sp947495825, 95.0, 82.93, 0.319; GCF_904846155.1, s__Psychrobacter fulvigenes, 95.0, 82.3, 0.167; GCA_029264635.1, s__Psychrobacter sp029264635, 95.0, 82.18, 0.189; GCF_904846405.1, s__Psychrobacter okhotskensis, 95.0, 81.48, 0.151	99.32	11	0.98989	Genome not assigned to closest species as it falls outside its pre-defined ANI radius
HN00280011_L11-28	d__Bacteria;p__Bacillota;c__Bacilli;o__Paenibacillales;f__Paenibacillaceae;g__Paenibacillus;s__Paenibacillus barcinonensis	GCF_003217495.1	95.0	d__Bacteria;p__Bacillota;c__Bacilli;o__Paenibacillales;f__Paenibacillaceae;g__Paenibacillus;s__Paenibacillus barcinonensis	98.97	0.908	GCF_003217495.1	95.0	d__Bacteria;p__Bacillota;c__Bacilli;o__Paenibacillales;f__Paenibacillaceae;g__Paenibacillus;s__Paenibacillus barcinonensis	98.97	0.908	d__Bacteria;p__Bacillota;c__Bacilli;o__Paenibacillales;f__Paenibacillaceae;g__Paenibacillus;s__	taxonomic classification defined by topology and ANI	topological placement and ANI have congruent species assignments	GCF_014639235.1, s__Paenibacillus silvae, 95.0, 89.9, 0.726; GCF_040702995.1, s__Paenibacillus sp040702995, 95.0, 83.76, 0.351; GCF_900102085.1, s__Paenibacillus polysaccharolyticus, 95.11, 83.67, 0.355; GCF_003719335.1, s__Paenibacillus amylolyticus_D, 95.0, 83.42, 0.355; GCF_023714295.1, s__Paenibacillus polysaccharolyticus_A, 95.0, 83.33, 0.339; GCF_007680605.1, s__Paenibacillus xylanexedens_B, 95.0, 83.2, 0.35; GCF_948329825.1, s__Paenibacillus sp017512705, 95.0, 82.82, 0.282; GCF_037974355.1, s__Paenibacillus sp037974355, 95.0, 82.09, 0.178; GCF_024159265.1, s__Paenibacillus sp024159265, 95.0, 81.91, 0.176; GCF_037991315.1, s__Paenibacillus sp012912005, 95.0, 81.82, 0.171; GCF_037971845.1, s__Paenibacillus sp001955855, 95.66, 81.75, 0.174; GCF_008386395.1, s__Paenibacillus amylolyticus_B, 95.0, 81.72, 0.182; GCF_030815985.1, s__Paenibacillus sp030815985, 95.6, 81.69, 0.175; GCF_037975235.1, s__Paenibacillus amylolyticus_A, 95.0, 81.69, 0.171; GCF_000316035.1, s__Paenibacillus sp000316035, 95.0, 81.63, 0.172; GCF_029689945.1, s__Paenibacillus amylolyticus_E, 95.0, 81.61, 0.173; GCF_002968835.1, s__Paenibacillus sp002968835, 95.0, 81.59, 0.169; GCF_037974265.1, s__Paenibacillus sp037974265, 95.55, 81.55, 0.173; GCF_001908275.1, s__Paenibacillus xylanexedens_A, 95.18, 81.46, 0.175; GCA_022836915.1, s__Paenibacillus sp900101225, 95.0, 81.4, 0.173; GCF_032452295.1, s__Paenibacillus sp032452295, 95.0, 81.27, 0.165; GCF_017874615.1, s__Paenibacillus xylanexedens, 96.19, 81.21, 0.172; GCF_026013365.1, s__Paenibacillus sp026013365, 95.0, 81.19, 0.155; GCF_004001025.1, s__Paenibacillus amylolyticus, 96.35, 81.16, 0.171; GCA_038005685.1, s__Paenibacillus sp038005685, 95.0, 81.16, 0.168; GCF_007676705.1, s__Paenibacillus xylanexedens_C, 95.0, 81.08, 0.155; GCF_018614975.1, s__Paenibacillus polymyxa_E, 95.0, 81.03, 0.163	94.2	11	N/A	N/A
HN00280011_L11-30	d__Bacteria;p__Bacillota;c__Bacilli;o__Bacillales_D;f__Amphibacillaceae;g__Virgibacillus;s__Virgibacillus sp000725285	GCF_000725285.1	95.0	d__Bacteria;p__Bacillota;c__Bacilli;o__Bacillales_D;f__Amphibacillaceae;g__Virgibacillus;s__Virgibacillus sp000725285	98.21	0.875	GCF_000725285.1	95.0	d__Bacteria;p__Bacillota;c__Bacilli;o__Bacillales_D;f__Amphibacillaceae;g__Virgibacillus;s__Virgibacillus sp000725285	98.21	0.875	d__Bacteria;p__Bacillota;c__Bacilli;o__Bacillales_D;f__Amphibacillaceae;g__Virgibacillus;s__	taxonomic classification defined by topology and ANI	topological placement and ANI have congruent species assignments	GCF_001310895.1, s__Virgibacillus halodenitrificans, 95.0, 90.71, 0.753	95.19	11	N/A	N/A
HN00280011_Sea9-11	d__Bacteria;p__Bacillota;c__Bacilli;o__Bacillales;f__Bacillaceae_G;g__Bacillus_A;s__Bacillus_A toyonensis	GCF_000496285.1	95.0	d__Bacteria;p__Bacillota;c__Bacilli;o__Bacillales;f__Bacillaceae_G;g__Bacillus_A;s__Bacillus_A toyonensis	98.73	0.928	GCF_000496285.1	95.0	d__Bacteria;p__Bacillota;c__Bacilli;o__Bacillales;f__Bacillaceae_G;g__Bacillus_A;s__Bacillus_A toyonensis	98.73	0.928	d__Bacteria;p__Bacillota;c__Bacilli;o__Bacillales;f__Bacillaceae_G;g__Bacillus_A;s__	taxonomic classification defined by topology and ANI	topological placement and ANI have congruent species assignments	GCF_000007825.1, s__Bacillus_A cereus, 95.0, 91.77, 0.77; GCF_000021305.1, s__Bacillus_A thuringiensis_S, 96.14, 91.77, 0.744; GCF_001182785.1, s__Bacillus_A thuringiensis, 96.46, 91.71, 0.746; GCF_921008455.1, s__Bacillus_A basilensis, 95.21, 91.6, 0.721; GCF_001583695.1, s__Bacillus_A wiedmannii, 95.0, 91.54, 0.762; GCF_001595725.1, s__Bacillus_A thuringiensis_K, 96.75, 91.54, 0.711; GCF_018966865.1, s__Bacillus_A sp018966865, 95.0, 91.31, 0.751; GCF_001455345.1, s__Bacillus_A thuringiensis_N, 95.0, 91.26, 0.76; GCF_022095615.2, s__Bacillus_A cereus_AG, 95.0, 91.26, 0.697; GCF_001884105.1, s__Bacillus_A luti, 95.0, 91.25, 0.763; GCF_002567495.1, s__Bacillus_A cereus_AQ, 95.0, 91.25, 0.728; GCF_002564555.1, s__Bacillus_A cereus_K, 95.0, 91.06, 0.734; GCF_001884035.1, s__Bacillus_A tropicus, 95.25, 91.03, 0.76; GCF_000742895.1, s__Bacillus_A anthracis, 95.0, 91.03, 0.719; GCA_014932895.1, s__Bacillus_A thuringiensis_AA, 95.0, 91.03, 0.679; GCF_018332475.1, s__Bacillus_A sanguinis, 95.12, 91.02, 0.691; GCF_025917685.1, s__Bacillus_A cereus_AT, 95.28, 90.99, 0.737; GCF_008923725.1, s__Bacillus_A sp008923725, 95.0, 90.99, 0.717; GCF_003400245.1, s__Bacillus_A sp003400245, 95.0, 90.99, 0.696; GCF_007678085.1, s__Bacillus_A cereus_BE, 95.0, 90.93, 0.743; GCF_002577405.1, s__Bacillus_A cereus_AU, 95.0, 90.93, 0.703; GCF_006494425.1, s__Bacillus_A dicomae, 95.0, 90.92, 0.708; GCF_040459645.1, s__Bacillus_A mycoides_C, 95.0, 90.92, 0.674; GCF_001883995.1, s__Bacillus_A paranthracis, 95.17, 90.88, 0.702; GCF_001884065.1, s__Bacillus_A proteolyticus, 95.0, 90.88, 0.656; GCF_001884025.1, s__Bacillus_A pacificus, 95.52, 90.86, 0.697; GCF_002746455.1, s__Bacillus_A fungorum, 95.0, 90.85, 0.641; GCF_001884045.1, s__Bacillus_A mobilis, 95.0, 90.8, 0.676; GCF_002584985.1, s__Bacillus_A sp002584985, 95.0, 90.79, 0.714; GCF_038971285.1, s__Bacillus_A sp002571225, 95.0, 90.79, 0.705; GCF_000832605.1, s__Bacillus_A mycoides, 95.0, 90.79, 0.704; GCF_001884135.1, s__Bacillus_A nitratireducens, 95.0, 90.78, 0.701; GCA_002578045.1, s__Bacillus_A cereus_AK, 95.0, 90.78, 0.623; GCF_018332515.1, s__Bacillus_A hominis, 95.0, 90.76, 0.66; GCF_001884185.1, s__Bacillus_A albus, 95.0, 90.71, 0.689; GCA_027694045.1, s__Bacillus_A sp027694045, 95.0, 90.67, 0.726; GCF_001757995.1, s__Bacillus_A mycoides_B, 95.0, 90.54, 0.652; GCF_018742245.1, s__Bacillus_A cereus_U, 95.0, 90.36, 0.691; GCF_015071065.1, s__Bacillus_A cereus_BA, 95.0, 90.36, 0.653; GCF_002975175.1, s__Bacillus_A sp002975175, 95.0, 89.98, 0.626; GCF_001884235.1, s__Bacillus_A paramycoides, 95.0, 89.77, 0.638; GCF_000746925.1, s__Bacillus_A clarus, 95.0, 86.54, 0.459; GCF_002551815.1, s__Bacillus_A sp002551815, 95.0, 84.32, 0.291; GCF_022811845.1, s__Bacillus_A cereus_AV, 95.0, 83.54, 0.269; GCA_037095095.1, s__Bacillus_A cereus_BF, 95.0, 83.52, 0.282; GCA_002561295.1, s__Bacillus_A cereus_S, 95.0, 83.51, 0.295; GCA_039549175.1, s__Bacillus_A sp039549175, 95.0, 83.36, 0.268; GCF_000161455.1, s__Bacillus_A pseudomycoides, 95.0, 83.34, 0.254; GCF_013314535.1, s__Bacillus_A sp013314535, 95.0, 83.28, 0.279; GCF_017498775.1, s__Bacillus_A arachidis, 95.0, 83.12, 0.276; GCF_000299035.1, s__Bacillus_A bingmayongensis, 95.0, 83.07, 0.273; GCF_000017425.1, s__Bacillus_A cytotoxicus, 95.0, 82.94, 0.274; GCF_001590835.1, s__Bacillus_A gaemokensis, 95.0, 82.94, 0.27; GCF_022663115.1, s__Bacillus_A cereus_BD, 95.0, 82.72, 0.273; GCF_030292155.1, s__Bacillus_A sp030292155, 95.0, 82.24, 0.197	91.1	11	N/A	N/A
HN00281774_BMX25006	d__Bacteria;p__Bacillota;c__Bacilli;o__Bacillales_D;f__Amphibacillaceae;g__Virgibacillus;s__Virgibacillus jordanicus	GCF_022095695.1	95.0	d__Bacteria;p__Bacillota;c__Bacilli;o__Bacillales_D;f__Amphibacillaceae;g__Virgibacillus;s__Virgibacillus jordanicus	95.46	0.865	GCF_022095695.1	95.0	d__Bacteria;p__Bacillota;c__Bacilli;o__Bacillales_D;f__Amphibacillaceae;g__Virgibacillus;s__Virgibacillus jordanicus	95.46	0.865	d__Bacteria;p__Bacillota;c__Bacilli;o__Bacillales_D;f__Amphibacillaceae;g__Virgibacillus;s__	taxonomic classification defined by topology and ANI	topological placement and ANI have congruent species assignments	GCF_000724085.1, s__Virgibacillus manasiensis, 95.0, 85.18, 0.384	93.67	11	N/A	N/A
HN00281774_BSO25019	d__Bacteria;p__Bacillota;c__Bacilli;o__Bacillales_D;f__Amphibacillaceae;g__Oceanobacillus;s__Oceanobacillus oncorhynchi	GCF_039521805.1	95.0	d__Bacteria;p__Bacillota;c__Bacilli;o__Bacillales_D;f__Amphibacillaceae;g__Oceanobacillus;s__Oceanobacillus oncorhynchi	95.18	0.831	GCF_039521805.1	95.0	d__Bacteria;p__Bacillota;c__Bacilli;o__Bacillales_D;f__Amphibacillaceae;g__Oceanobacillus;s__Oceanobacillus oncorhynchi	95.18	0.831	d__Bacteria;p__Bacillota;c__Bacilli;o__Bacillales_D;f__Amphibacillaceae;g__Oceanobacillus;s__	taxonomic classification defined by topology and ANI	topological placement and ANI have congruent species assignments	GCF_000750635.1, s__Oceanobacillus jeddahense, 95.0, 84.15, 0.319; GCF_900166635.1, s__Oceanobacillus timonensis, 95.0, 82.16, 0.247; GCF_900162665.1, s__Oceanobacillus sojae_A, 95.0, 81.75, 0.226; GCF_009389585.1, s__Oceanobacillus sp009389585, 95.0, 81.58, 0.252; GCF_007991515.1, s__Oceanobacillus sojae, 95.0, 81.11, 0.214; GCF_014645515.1, s__Oceanobacillus neutriphilus, 95.0, 80.96, 0.205	95.47	11	N/A	N/A
HN00281774_BSO25044	d__Bacteria;p__Bacillota;c__Bacilli;o__Bacillales;f__Bacillaceae;g__Bacillus;s__Bacillus subtilis	GCF_000009045.1	95.0	d__Bacteria;p__Bacillota;c__Bacilli;o__Bacillales;f__Bacillaceae;g__Bacillus;s__Bacillus subtilis	98.38	0.951	GCF_000009045.1	95.0	d__Bacteria;p__Bacillota;c__Bacilli;o__Bacillales;f__Bacillaceae;g__Bacillus;s__Bacillus subtilis	98.38	0.951	d__Bacteria;p__Bacillota;c__Bacilli;o__Bacillales;f__Bacillaceae;g__Bacillus;s__	taxonomic classification defined by topology and ANI	topological placement and ANI have congruent species assignments	GCF_000738015.1, s__Bacillus stercoris, 95.0, 94.84, 0.902; GCF_000332645.1, s__Bacillus inaquosorum, 95.0, 92.65, 0.879; GCF_004124315.2, s__Bacillus cabrialesii, 95.0, 92.42, 0.888; GCF_031316495.1, s__Bacillus spizizenii, 95.0, 92.28, 0.868; GCF_011745685.2, s__Bacillus rugosus, 95.0, 92.27, 0.881; GCA_026790065.1, s__Bacillus sp026790065, 95.0, 92.27, 0.872; GCF_031317525.1, s__Bacillus tequilensis, 95.0, 91.62, 0.813; GCF_040784915.1, s__Bacillus subtilis_G, 95.0, 91.6, 0.846; GCF_004116955.1, s__Bacillus vallismortis, 95.0, 90.82, 0.793; GCA_020223575.2, s__Bacillus mexicanus, 95.0, 90.36, 0.778; GCF_001517105.1, s__Bacillus halotolerans, 95.0, 88.37, 0.742; GCF_031316635.1, s__Bacillus mojavensis, 95.47, 88.16, 0.747; GCF_001584335.1, s__Bacillus atrophaeus, 95.0, 81.63, 0.263; GCF_000262045.1, s__Bacillus siamensis, 95.0, 81.14, 0.193; GCF_000196735.1, s__Bacillus amyloliquefaciens, 95.0, 81.13, 0.188; GCF_018613535.1, s__Bacillus sp018613535, 95.0, 80.95, 0.208; GCF_001461825.1, s__Bacillus velezensis, 95.0, 80.75, 0.181; GCF_001584325.1, s__Bacillus nakamurai, 95.0, 80.44, 0.197	96.19	11	N/A	N/A
HN00281774_C4-31	d__Bacteria;p__Actinomycetota;c__Actinomycetes;o__Actinomycetales;f__Micrococcaceae;g__Kocuria;s__Kocuria salsicia	GCF_039532055.1	95.0	d__Bacteria;p__Actinomycetota;c__Actinomycetes;o__Actinomycetales;f__Micrococcaceae;g__Kocuria;s__Kocuria salsicia	98.97	0.941	GCF_039532055.1	95.0	d__Bacteria;p__Actinomycetota;c__Actinomycetes;o__Actinomycetales;f__Micrococcaceae;g__Kocuria;s__Kocuria salsicia	98.97	0.941	d__Bacteria;p__Actinomycetota;c__Actinomycetes;o__Actinomycetales;f__Micrococcaceae;g__Kocuria;s__	taxonomic classification defined by topology and ANI	topological placement and ANI have congruent species assignments	GCF_006539885.1, s__Kocuria varians, 95.0, 88.03, 0.561; GCF_000010285.1, s__Kocuria rhizophila_A, 95.0, 87.36, 0.507; GCF_003667225.1, s__Kocuria rhizophila, 95.0, 86.4, 0.442; GCF_003687455.1, s__Kocuria tytonicola, 95.0, 86.15, 0.439; GCF_003226895.2, s__Kocuria tytonis, 95.0, 85.89, 0.437; GCF_030530945.1, s__Kocuria sp030530945, 95.0, 85.07, 0.422; GCF_014652975.1, s__Kocuria marina, 95.0, 84.79, 0.367; GCF_027658845.1, s__Kocuria marina_A, 95.07, 83.73, 0.337	94.8	11	N/A	N/A
HN00281774_KRS25004	d__Bacteria;p__Bacillota;c__Bacilli;o__Staphylococcales;f__Salinicoccaceae;g__Salinicoccus;s__Salinicoccus sp947494965	GCA_947494965.1	95.0	d__Bacteria;p__Bacillota;c__Bacilli;o__Staphylococcales;f__Salinicoccaceae;g__Salinicoccus;s__Salinicoccus sp947494965	98.59	0.901	GCA_947494965.1	95.0	d__Bacteria;p__Bacillota;c__Bacilli;o__Staphylococcales;f__Salinicoccaceae;g__Salinicoccus;s__Salinicoccus sp947494965	98.59	0.901	d__Bacteria;p__Bacillota;c__Bacilli;o__Staphylococcales;f__Salinicoccaceae;g__Salinicoccus;s__	taxonomic classification defined by topology and ANI	topological placement and ANI have congruent species assignments	GCF_039538805.1, s__Salinicoccus jeotgali, 95.0, 94.37, 0.842	97.3	11	N/A	N/A
HN00281774_Sea9-10	d__Bacteria;p__Bacillota;c__Bacilli;o__Paenibacillales;f__Paenibacillaceae;g__Paenibacillus;s__Paenibacillus xylanilyticus_A	GCF_009664365.1	95.0	d__Bacteria;p__Bacillota;c__Bacilli;o__Paenibacillales;f__Paenibacillaceae;g__Paenibacillus;s__Paenibacillus xylanilyticus_A	96.14	0.907	GCF_004000925.1	95.12	d__Bacteria;p__Bacillota;c__Bacilli;o__Paenibacillales;f__Paenibacillaceae;g__Paenibacillus;s__Paenibacillus illinoisensis	95.11	0.882	d__Bacteria;p__Bacillota;c__Bacilli;o__Paenibacillales;f__Paenibacillaceae;g__Paenibacillus;s__	taxonomic classification defined by topology and ANI	N/A	GCF_003224455.1, s__Paenibacillus illinoisensis_A, 95.0, 95.02, 0.82; GCF_022346995.1, s__Paenibacillus sp022346995, 95.0, 93.42, 0.825; GCF_039831995.1, s__Paenibacillus pabuli_C, 95.0, 91.54, 0.773; GCF_013359935.1, s__Paenibacillus xylanilyticus, 95.0, 87.55, 0.598; GCF_023101145.1, s__Paenibacillus pabuli_B, 95.0, 83.02, 0.259; GCF_014844075.1, s__Paenibacillus sp014844075, 95.0, 82.67, 0.243; GCF_029689945.1, s__Paenibacillus amylolyticus_E, 95.0, 82.59, 0.222; GCF_030433635.1, s__Paenibacillus vandeheii, 95.0, 82.54, 0.24; GCF_008386395.1, s__Paenibacillus amylolyticus_B, 95.0, 82.52, 0.208; GCF_024159265.1, s__Paenibacillus sp024159265, 95.0, 82.49, 0.231; GCF_037975235.1, s__Paenibacillus amylolyticus_A, 95.0, 82.49, 0.224; GCF_001908275.1, s__Paenibacillus xylanexedens_A, 95.18, 82.48, 0.214; GCF_032399705.1, s__Paenibacillus taichungensis_A, 95.0, 82.47, 0.246; GCF_037971845.1, s__Paenibacillus sp001955855, 95.66, 82.42, 0.217; GCF_001280595.1, s__Paenibacillus xylanivorans, 95.0, 82.38, 0.227; GCF_002968835.1, s__Paenibacillus sp002968835, 95.0, 82.38, 0.191; GCF_028771845.1, s__Paenibacillus marchantiae, 95.02, 82.37, 0.25; GCF_013401555.1, s__Paenibacillus sp900110055, 95.0, 82.34, 0.246; GCF_001514495.1, s__Paenibacillus pabuli, 95.0, 82.29, 0.243; GCA_022836915.1, s__Paenibacillus sp900101225, 95.0, 82.29, 0.212; GCF_037974265.1, s__Paenibacillus sp037974265, 95.55, 82.24, 0.224; GCF_013359905.1, s__Paenibacillus taichungensis, 95.0, 82.23, 0.235; GCF_032452295.1, s__Paenibacillus sp032452295, 95.0, 82.19, 0.205; GCF_000316035.1, s__Paenibacillus sp000316035, 95.0, 82.18, 0.211; GCF_037974355.1, s__Paenibacillus sp037974355, 95.0, 82.12, 0.227; GCF_030815985.1, s__Paenibacillus sp030815985, 95.6, 82.12, 0.216; GCF_037991315.1, s__Paenibacillus sp012912005, 95.0, 82.11, 0.215; GCF_018614975.1, s__Paenibacillus polymyxa_E, 95.0, 82.08, 0.209; GCF_007676705.1, s__Paenibacillus xylanexedens_C, 95.0, 82.06, 0.217; GCF_026013365.1, s__Paenibacillus sp026013365, 95.0, 82.03, 0.201; GCA_038005685.1, s__Paenibacillus sp038005685, 95.0, 81.96, 0.224; GCF_004001025.1, s__Paenibacillus amylolyticus, 96.35, 81.85, 0.199; GCF_017874615.1, s__Paenibacillus xylanexedens, 96.19, 81.83, 0.204	92.57	11	N/A	N/A
